url,label,source
https://www.1077thebone.com,1,1
https://www.1077thebone.com/,0,2
https://www.12manage.com,1,1
https://www.12manage.com/,0,2
https://www.1947project.com,1,1
https://www.1947project.com/,0,2
http://www.1x.com,0,1
https://www.1x.com,1,1
https://www.20minutes.fr,1,1
https://www.20minutes.fr,0,2
https://www.24wrestling.com,1,1
https://www.24wrestling.com/,0,2
https://3rdstreetmarket.com/wp-content/themes/3rdst/8-login-form/,0,1
https://3rdstreetmarket.com/wp-content/themes/3rdst/8-login-form/,1,2
https://www.4shared.com,1,1
https://www.4shared.com,0,2
http://4shared.com,1,2
https://www.810whb.com,1,1
https://www.810whb.com/,0,2
http://www.97b1c56132dfcdd90f93-0c5c8388c0a5897e648f883e2c86dc72.r54.cf5.rackcdn.com,0,1
http://97b1c56132dfcdd90f93-0c5c8388c0a5897e648f883e2c86dc72.r54.cf5.rackcdn.com/,1,2
https://www.abc-clio.com,1,1
https://www.abc-clio.com/,0,2
https://www.abola.pt,1,1
https://www.abola.pt,0,2
https://www.accesskent.com,1,1
https://www.accesskent.com/,0,2
https://www.accuweather.com,1,1
https://www.accuweather.com,0,2
https://www.acgsi.org,1,1
https://www.acgsi.org/,0,2
https://www.achristmasstoryhouse.com,1,1
https://www.achristmasstoryhouse.com/,0,2
https://www.acm.org,1,1
https://www.acm.org/,0,2
https://www.acs.org,1,1
https://www.acs.org,0,2
https://www.actorprepares.net,1,1
https://www.actorprepares.net/,0,2
https://www.actransit.org,1,1
https://www.actransit.org/,0,2
http://www.ad.getfond.info,0,1
http://ad.getfond.info,1,2
https://www.ada.gov,1,1
https://www.ada.gov/,0,2
https://www.addthis.com,1,1
https://www.addthis.com,0,2
https://www.adeccousa.com,1,1
https://www.adeccousa.com/,0,2
http://www.adgf.am,0,1
https://www.adgf.am,1,1
http://www.adhostingcache.com,0,1
http://adhostingcache.com/,1,2
http://www.adlinkmetric.com,0,1
http://adlinkmetric.com/,1,2
http://www.adlinkmetrics.com,0,1
http://adlinkmetrics.com/,1,2
https://www.admirals.org.uk,1,1
https://www.admirals.org.uk/,0,2
https://www.adobe.com,1,1
https://www.adobe.com,0,2
http://www.adobereaderupdater.com,0,1
http://adobereaderupdater.com/,1,2
https://www.adp.com,1,1
https://www.adp.com,0,2
https://www.adultfilmdatabase.com,1,1
https://www.adultfilmdatabase.com/,0,2
https://www.advocatehealth.com,1,1
https://www.advocatehealth.com/,0,2
https://www.aep.com,1,1
https://www.aep.com/,0,2
https://www.aepi.org,1,1
https://www.aepi.org/,0,2
https://www.aeptexas.com,1,1
https://www.aeptexas.com/,0,2
https://www.aerosociety.com,1,1
https://www.aerosociety.com/,0,2
https://www.aetv.com,1,1
https://www.aetv.com/,0,2
https://www.afca.com,1,1
https://www.afca.com/,0,2
https://www.afghanistans.com,1,1
https://www.afghanistans.com/,0,2
https://www.afi.com,1,1
https://www.afi.com/,0,2
https://www.afloral.com,1,1
https://www.afloral.com/,0,2
https://www.afreecatv.com,1,1
https://www.afreecatv.com,0,2
https://www.africa.upenn.edu,1,1
https://www.africa.upenn.edu/,0,2
https://www.agdinteractive.com,1,1
https://www.agdinteractive.com/,0,2
https://www.agriculture.com,1,1
https://www.agriculture.com/,0,2
https://www.ahmedabadmirror.com,1,1
https://www.ahmedabadmirror.com/,0,2
https://www.aim.com.au,1,1
https://www.aim.com.au/,0,2
http://www.airlineadverts.com,0,1
http://airlineadverts.com/,1,2
https://www.airlinemeals.net,1,1
http://www.airlinemeals.net,0,1
https://www.airliners.net,1,1
https://www.airliners.net/,0,2
https://www.airsunshine.com,1,1
https://www.airsunshine.com/,0,2
https://www.airtattoo.com,1,1
https://www.airtattoo.com/,0,2
https://www.aisc.org,1,1
https://www.aisc.org/,0,2
https://www.aja.com,1,1
https://www.aja.com/,0,2
https://www.alarabiya.net,1,1
https://www.alarabiya.net,0,2
http://alareentading-catalog.page.tl/,0,1
https://alareentading-catalog.page.tl/,1,2
http://alareentading-catalog.page.tl/,1,2
https://www.albany.edu,1,1
https://www.albany.edu/,0,2
https://www.albany.org,1,1
https://www.albany.org/,0,2
https://www.albanyherald.com,1,1
https://www.albanyherald.com/,0,2
https://www.albanyschools.org,1,1
https://www.albanyschools.org/,0,2
https://www.albawabhnews.com,1,1
https://www.albawabhnews.com,0,2
https://www.albertsons.com,1,1
https://www.albertsons.com/,0,2
https://www.alibaba.com,1,1
https://www.alibaba.com,0,2
https://www.allianceairlines.com.au,1,1
https://www.allianceairlines.com.au/,0,2
https://www.allkpop.com,1,1
https://www.allkpop.com,0,2
https://www.allrecipes.com,1,1
https://www.allrecipes.com,0,2
https://www.alodokter.com,1,1
https://www.alodokter.com,0,2
https://www.aloud.com,1,1
https://www.aloud.com/,0,2
https://www.alpa.org,1,1
https://www.alpa.org/,0,2
http://www.alphauniforms.ae,0,1
https://www.alphauniforms.ae,1,1
https://www.altitude-sports.com,1,1
https://www.altitude-sports.com/,0,2
https://www.alu.edu,1,1
https://www.alu.edu/,0,2
https://www.americafirst.com,1,1
https://www.americafirst.com/,0,2
https://www.americanmusical.com,1,1
https://www.americanmusical.com/,0,2
https://www.amfirstbooks.com,1,1
https://www.amfirstbooks.com/,0,2
https://www.amgeneral.com,1,1
https://www.amgeneral.com/,0,2
https://www.amna.gr,1,1
http://www.amna.gr,0,1
https://www.amren.com,1,1
https://www.amren.com/,0,2
https://www.amritsarcorp.com,1,1
https://www.amritsarcorp.com/,0,2
https://www.ana.co.jp,1,1
https://www.ana.co.jp,0,2
https://www.anandabazar.com,1,1
https://www.anandabazar.com/,0,2
https://www.ancestry.com,1,1
https://www.ancestry.com,0,2
https://www.andhrajyothy.com,1,1
https://www.andhrajyothy.com,0,2
https://www.andhrajyothy.com/,0,2
https://www.andrewsmcmeel.com,1,1
https://www.andrewsmcmeel.com/,0,2
https://www.angelicwarlord.com,1,1
https://www.angelicwarlord.com/,0,2
https://www.anglicancatholic.ca,1,1
https://www.anglicancatholic.ca/,0,2
https://www.anglicancatholic.org,1,1
https://www.anglicancatholic.org/,0,2
https://www.anime-expo.org,1,1
https://www.anime-expo.org/,0,2
https://www.ans.iastate.edu,1,1
https://www.ans.iastate.edu/,0,2
https://www.ansa.it,1,1
https://www.ansa.it,0,2
https://www.ansto.gov.au,1,1
https://www.ansto.gov.au/,0,2
https://www.anticipationsf.ca,1,1
https://www.anticipationsf.ca/,0,2
https://www.apache.org,1,1
https://www.apache.org,0,2
https://www.apartments.com,1,1
https://www.apartments.com,0,2
https://www.aphsa.org,1,1
https://www.aphsa.org/,0,2
https://www.apmbodyjewelry.com,1,1
https://apmbodyjewelry.com/,0,2
https://www.aprilwine.ca,1,1
https://www.aprilwine.ca/,0,2
https://www.aputure.com,1,1
https://www.aputure.com/,0,2
https://www.arborteas.com,1,1
https://www.arborteas.com/,0,2
https://www.arcadiapublishing.com,1,1
https://www.arcadiapublishing.com/,0,2
https://www.arcticicehockey.com,1,1
https://www.arcticicehockey.com/,0,2
https://www.arenasolutions.com,1,1
https://www.arenasolutions.com/,0,2
https://www.argaam.com,1,1
https://www.argaam.com,0,2
https://www.argus-press.com,1,1
https://www.argus-press.com/,0,2
https://www.arkansasonline.com,1,1
https://www.arkansasonline.com/,0,2
https://www.army.mil,1,1
https://www.army.mil/,0,2
https://www.arrowheadpride.com,1,1
https://www.arrowheadpride.com/,0,2
https://www.artistopia.com,1,1
https://www.artistopia.com/,0,2
https://www.artsinohio.com,1,1
https://www.artsinohio.com/,0,2
https://www.asahi.com,1,1
https://www.asahi.com,0,2
http://www.asconline.we11point.com,0,1
http://asconline.we11point.com/,1,2
https://www.asiaasset.com,1,1
https://www.asiaasset.com/,0,2
https://www.asianage.com,1,1
https://asianage.com/,0,2
https://www.ask.com,1,1
https://www.ask.com,0,2
https://www.ask.com/,0,2
https://www.askart.com,1,1
https://www.askart.com/,0,2
https://www.askubuntu.com,1,1
https://www.askubuntu.com,0,2
https://www.asriran.com,1,1
https://www.asriran.com,0,2
https://www.astate.edu,1,1
https://www.astate.edu/,0,2
https://www.asub.edu,1,1
https://www.asub.edu/,0,2
https://www.asun.edu,1,1
https://www.asun.edu/,0,2
https://www.atdetroit.net,1,1
https://www.atdetroit.net/,0,2
https://www.athleticsnation.com,1,1
https://www.athleticsnation.com/,0,2
https://www.atlantaga.gov,1,1
https://www.atlantaga.gov/,0,2
https://www.atu.edu,1,1
https://www.atu.edu/,0,2
https://www.au.org,1,1
https://www.au.org/,0,2
https://www.auburn.edu,1,1
https://www.auburn.edu/,0,2
https://www.audible.com,1,1
https://www.audible.com,0,2
https://www.augustaga.gov,1,1
https://www.augustaga.gov/,0,2
https://www.aup.edu,1,1
https://www.aup.edu/,0,2
http://www.ausameetings.com,0,1
http://ausameetings.com/,1,2
https://www.austinreggaefest.com,1,1
https://www.austinreggaefest.com/,0,2
https://www.australianstage.com.au,1,1
https://www.australianstage.com.au/,0,2
https://www.author-me.com,1,1
https://www.author-me.com/,0,2
https://www.authorsden.com,1,1
https://www.authorsden.com/,0,2
https://www.autodesk.com,1,1
https://www.autodesk.com,0,2
https://www.avilabeachresort.com,1,1
https://www.avilabeachresort.com/,0,2
https://www.avira.com,1,1
https://www.avira.com,0,2
https://www.aweber.com,1,1
https://www.aweber.com,0,2
https://www.awwa.org,1,1
https://www.awwa.org/,0,2
https://www.axisbank.com,1,1
https://www.axisbank.com,0,2
https://www.azlyrics.com,1,1
https://www.azlyrics.com,0,2
https://www.bahn.de,1,1
https://www.bahn.de,0,2
https://www.ballymenaguardian.co.uk,1,1
https://www.ballymenaguardian.co.uk/,0,2
https://www.bankalfalah.com,1,1
https://www.bankalfalah.com/,0,2
https://www.bankofcanada.ca,1,1
https://www.bankofcanada.ca/,0,2
https://www.bankrate.com,1,1
https://www.bankrate.com/,0,2
https://www.banyanbotanicals.com,1,1
https://www.banyanbotanicals.com/,0,2
https://www.baptist-health.com,1,1
https://www.baptist-health.com/,0,2
https://www.barcafan-club.com,1,1
https://www.barcafan-club.com/,0,2
https://www.barnesandnoble.com,1,1
https://www.barnesandnoble.com,0,2
https://www.barnesandnoble.com/,0,2
https://www.bayonnenj.org,1,1
https://www.bayonnenj.org/,0,2
https://www.bbc.com,1,1
https://www.bbc.com,0,2
https://www.bbg.org,1,1
https://www.bbg.org/,0,2
https://www.bbr.com,1,1
https://www.bbr.com/,0,2
https://www.bc.vc,1,1
https://www.bc.vc,0,2
https://www.bcbst.com,1,1
https://www.bcbst.com/,0,2
https://www.beer-universe.com,1,1
https://www.beer-universe.com/,0,2
https://www.bell.ca,1,1
https://www.bell.ca/,0,2
https://www.belloflostsouls.net,1,1
https://www.belloflostsouls.net/,0,2
https://www.bengals.com,1,1
https://www.bengals.com/,0,2
https://www.benning.army.mil,1,1
https://www.benning.army.mil/,0,2
https://www.bentley.edu,1,1
https://www.bentley.edu/,0,2
https://www.berkeley.edu,1,1
https://www.berkeley.edu,0,2
https://www.berkeley.edu/,0,2
https://www.berkeleyhomes.com,1,1
https://www.berkeleyhomes.com/,0,2
https://www.besoccer.com,1,1
https://www.besoccer.com,0,2
http://www.bestairlinepricetags.com,0,1
http://bestairlinepricetags.com/,1,2
https://www.bestaviation.net,1,1
https://www.bestaviation.net/,0,2
https://www.bestbuy.com,1,1
https://www.bestbuy.com,0,2
https://www.bestbuy.com/,0,2
https://www.bethelsd.org,1,1
https://www.bethelsd.org/,0,2
https://www.bevmo.com,1,1
https://www.bevmo.com/,0,2
https://www.biblegateway.com,1,1
https://www.biblegateway.com,0,2
http://bicicentroslezama.com/ejercicio/2050x/myaccount_done.htm,0,1
http://bicicentroslezama.com/EJERCICIO/2050X/myaccount_done.htm,1,2
https://www.bigfoot.com,1,1
https://www.bigfoot.com/,0,2
https://www.biglobe.ne.jp,1,1
https://www.biglobe.ne.jp,0,2
https://www.bigy.com,1,1
https://www.bigy.com/,0,2
http://www.bikessport.com,0,1
http://bikessport.com/,1,2
https://www.billslater.com,1,1
https://www.billslater.com/,0,2
https://www.biobiochile.cl,1,1
https://www.biobiochile.cl,0,2
https://www.birminghamairport.co.uk,1,1
https://www.birminghamairport.co.uk/,0,2
https://www.birminghamhippodrome.com,1,1
https://www.birminghamhippodrome.com/,0,2
https://www.blackclassicmovies.com,1,1
https://www.blackclassicmovies.com/,0,2
https://www.bloggerheads.com,1,1
https://www.bloggerheads.com/,0,2
https://www.bls.gov,1,1
https://www.bls.gov/,0,2
https://www.blu-ray.com,1,1
https://www.blu-ray.com/,0,2
https://www.bmansbluesreport.com,1,1
https://www.bmansbluesreport.com/,0,2
https://www.bobdylan.com,1,1
https://www.bobdylan.com/,0,2
https://www.bobmarley.com,1,1
https://www.bobmarley.com/,0,2
https://www.boc.cn,1,1
https://www.boc.cn,0,2
https://www.bodykits.com,1,1
https://www.bodykits.com/,0,2
https://www.boeing.com,1,1
https://www.boeing.com/,0,2
https://www.boisepubliclibrary.org,1,1
https://www.boisepubliclibrary.org/,0,2
https://www.bolasport.com,1,1
https://www.bolasport.com,0,2
https://www.boldlife.com,1,1
https://www.boldlife.com/,0,2
http://www.bolidar.dnset.com,0,1
http://bolidar.dnset.com/,1,2
https://www.bonnieraitt.com,1,1
https://www.bonnieraitt.com/,0,2
https://www.bookbrowse.com,1,1
https://www.bookbrowse.com/,0,2
https://www.bookcrossing.com,1,1
https://www.bookcrossing.com/,0,2
https://www.booknotes.org,1,1
https://www.booknotes.org/,0,2
https://www.books.com.tw,1,1
https://www.books.com.tw,0,2
https://www.booksie.com,1,1
https://www.booksie.com/,0,2
https://www.boppy.com,1,1
https://www.boppy.com/,0,2
https://www.boredpanda.com,1,1
https://www.boredpanda.com,0,2
https://www.boursorama.com,1,1
https://www.boursorama.com,0,2
https://www.bowiestate.edu,1,1
https://www.bowiestate.edu/,0,2
https://www.bradley.edu,1,1
https://www.bradley.edu/,0,2
https://www.bradleyscout.com,1,1
https://www.bradleyscout.com/,0,2
https://www.brainyhistory.com,1,1
https://www.brainyhistory.com/,0,2
https://www.branson.com,1,1
https://www.branson.com/,0,2
https://www.brick.com,1,1
https://www.brick.com/,0,2
https://www.brilio.net,1,1
https://www.brilio.net,0,2
https://www.britannica.com,1,1
https://www.britannica.com,0,2
https://www.britishandirishworld.com,1,1
https://www.britishandirishworld.com/,0,2
https://www.britishcouncil.org,1,1
https://www.britishcouncil.org,0,2
https://www.britmovie.co.uk,1,1
https://www.britmovie.co.uk/,0,2
https://www.brooklaw.edu,1,1
https://www.brooklaw.edu/,0,2
https://www.brooklynbridgepark.org,1,1
https://www.brooklynbridgepark.org/,0,2
https://www.brooklynmuseum.org,1,1
https://www.brooklynmuseum.org/,0,2
https://www.brooklynpaper.com,1,1
https://www.brooklynpaper.com/,0,2
https://www.brooklyntabernacle.org,1,1
https://www.brooklyntabernacle.org/,0,2
https://www.brownjenkins.com,1,1
https://www.brownjenkins.com/,0,2
https://www.bruinskeptics.org,1,1
https://www.bruinskeptics.org/,0,2
https://www.buffalobills.com,1,1
https://www.buffalobills.com/,0,2
https://www.buffiniandcompany.com,1,1
https://www.buffiniandcompany.com/,0,2
https://www.buick.com,1,1
https://www.buick.com/,0,2
https://www.burbank.com,1,1
https://www.burbank.com/,0,2
http://www.burst-media.com,0,1
http://burst-media.com/,1,2
https://www.business-services.upenn.edu,1,1
https://www.business-services.upenn.edu/,0,2
https://www.business.fullerton.edu,1,1
https://www.business.fullerton.edu/,0,2
https://www.businesstoday.org,1,1
https://www.businesstoday.org/,0,2
https://www.butterball.com,1,1
https://www.butterball.com/,0,2
https://www.ca.gov,1,1
https://www.ca.gov,0,2
https://www.ca.gov/,0,2
https://www.ca.uky.edu,1,1
https://www.ca.uky.edu/,0,2
https://www.ca11.uscourts.gov,1,1
https://www.ca11.uscourts.gov/,0,2
https://www.ca4.uscourts.gov,1,1
https://www.ca4.uscourts.gov/,0,2
https://www.ca7.uscourts.gov,1,1
https://www.ca7.uscourts.gov/,0,2
https://www.cabdirect.org,1,1
https://www.cabdirect.org/,0,2
https://www.cacd.uscourts.gov,1,1
https://www.cacd.uscourts.gov/,0,2
https://cache.nebula.phx3.secureserver.net/obj/qkmymthbnjg0rjjcrjg2njc3oem6ywy1zdcwyjhhoddhzmqwzdgyztdkotuymdlky2yzody6ojo6,0,1
http://cache.nebula.phx3.secureserver.net/obj/QkMyMThBNjg0RjJCRjg2Njc3OEM6YWY1ZDcwYjhhODdhZmQwZDgyZTdkOTUyMDlkY2YzODY6Ojo6/,1,2
http://cache.nebula.phx3.secureserver.net/obj/QkMyMThBNjg0RjJCRjg2Njc3OEM6YWY1ZDcwYjhhODdhZmQwZDgyZTdkOTUyMDlkY2YzODY6Ojo6,1,2
http://www.cachecontent.com,0,1
http://cachecontent.com/,1,2
https://www.cadillac.com,1,1
https://www.cadillac.com/,0,2
https://www.cae.com,1,1
https://www.cae.com/,0,2
https://www.caisse-epargne.fr,1,1
https://www.caisse-epargne.fr,0,2
https://www.calacademy.org,1,1
https://www.calacademy.org/,0,2
https://www.callutheran.edu,1,1
https://www.callutheran.edu/,0,2
https://www.calpoly.edu,1,1
https://www.calpoly.edu/,0,2
https://www.cambridgema.gov,1,1
https://www.cambridgema.gov/,0,2
https://www.camera-obscura.co.uk,1,1
https://www.camera-obscura.co.uk/,0,2
https://www.campbellsoupcompany.com,1,1
https://www.campbellsoupcompany.com/,0,2
https://www.canadaplace.ca,1,1
https://www.canadaplace.ca/,0,2
https://www.cantwell.senate.gov,1,1
https://www.cantwell.senate.gov/,0,2
https://www.capri.com,1,1
https://www.capri.com/,0,2
http://www.captainblowdri.com,0,1
http://captainblowdri.com/,1,2
https://www.cardratings.com,1,1
https://www.cardratings.com/,0,2
https://www.care2.com,1,1
https://www.care2.com/,0,2
https://www.career.berkeley.edu,1,1
https://www.career.berkeley.edu/,0,2
https://www.careerbuilder.com,1,1
https://www.careerbuilder.com/,0,2
https://www.cargurus.com,1,1
https://www.cargurus.com,0,2
https://www.carlemuseum.org,1,1
https://www.carlemuseum.org/,0,2
https://www.carnegiecouncil.org,1,1
https://www.carnegiecouncil.org/,0,2
https://www.carolina.renfestinfo.com,1,1
https://www.carolina.renfestinfo.com/,0,2
https://www.cassinfo.com,1,1
https://www.cassinfo.com/,0,2
https://www.catholiccompany.com,1,1
https://www.catholiccompany.com/,0,2
https://www.catholicity.com,1,1
https://www.catholicity.com/,0,2
https://www.catoftheday.com,1,1
https://www.catoftheday.com/,0,2
https://www.cavediving.net.au,1,1
https://www.cavediving.net.au/,0,2
https://www.cbass.com,1,1
http://www.cbass.com,0,1
https://www.cbiz.com,1,1
https://www.cbiz.com/,0,2
https://www.cbmt.org,1,1
https://www.cbmt.org/,0,2
https://www.cbssports.com,1,1
https://www.cbssports.com,0,2
https://www.cca.edu,1,1
https://www.cca.edu/,0,2
https://www.ccab.com,1,1
https://www.ccab.com/,0,2
https://www.ccfm.org,1,1
https://www.ccfm.org/,0,2
https://www.ccis.edu,1,1
https://www.ccis.edu/,0,2
https://www.ccjm.org,1,1
https://www.ccjm.org/,0,2
https://www.ccm.edu,1,1
https://www.ccm.edu/,0,2
https://www.ccny.cuny.edu,1,1
https://www.ccny.cuny.edu/,0,2
https://www.ccre.org,1,1
https://www.ccre.org/,0,2
https://www.ccsd.net,1,1
https://www.ccsd.net/,0,2
https://www.ccsf.edu,1,1
https://www.ccsf.edu/,0,2
https://www.cda.pl,1,1
https://www.cda.pl,0,2
https://www.cdcr.ca.gov,1,1
https://www.cdcr.ca.gov/,0,2
https://www.cdta.org,1,1
https://www.cdta.org/,0,2
https://www.cduniverse.com,1,1
https://www.cduniverse.com/,0,2
https://www.cedarcity.org,1,1
https://www.cedarcity.org/,0,2
https://www.census.gov,1,1
https://www.census.gov/,0,2
https://www.centralchronicle.com,1,1
https://www.centralchronicle.com/,0,2
https://www.centralpark.com,1,1
https://www.centralpark.com/,0,2
https://www.cfl.ca,1,1
https://www.cfl.ca/,0,2
https://www.cfo.com,1,1
https://www.cfo.com/,0,2
https://www.chairmanmills.com,1,1
https://www.chairmanmills.com/,0,2
https://www.charge.com,1,1
https://www.charge.com/,0,2
https://www.charleskush.com,1,1
https://www.charleskush.com/,0,2
https://www.chase.com,1,1
https://www.chase.com,0,2
https://www.chase.com/,0,2
https://www.che-fare.com,1,1
http://www.che-fare.com,0,1
https://www.cheapair.com,1,1
https://www.cheapair.com/,0,2
https://www.cheatsheet.com,1,1
https://www.cheatsheet.com,0,2
http://www.checkwinframe.com,0,1
http://checkwinframe.com/,1,2
https://www.chennaionlineflorists.com,1,1
https://www.chennaionlineflorists.com/,0,2
https://www.chess.com,1,1
https://www.chess.com,0,2
https://www.chevrolet.com,1,1
https://www.chevrolet.com/,0,2
https://www.chhs.niu.edu,1,1
https://www.chhs.niu.edu/,0,2
http://www.chiaperottipaolo.it,0,1
http://chiaperottipaolo.it/,1,2
https://www.childrensmercy.org,1,1
https://www.childrensmercy.org/,0,2
https://www.chinadaily.com.cn,1,1
https://www.chinadaily.com.cn,0,2
http://www.chinastrat.com,0,1
http://chinastrat.com,1,2
http://www.chinastrats.com,0,1
http://www.chinastrats.com,1,2
http://chinastrats.com,1,2
https://www.chinatimes.com,1,1
https://www.chinatimes.com,0,2
https://www.chippc.com,1,1
http://www.chippc.com,0,1
https://www.chl.ca,1,1
https://www.chl.ca/,0,2
https://www.chrisabraham.com,1,1
https://www.chrisabraham.com/,0,2
https://www.chron.com,1,1
https://www.chron.com,0,2
https://www.chroniclebooks.com,1,1
https://www.chroniclebooks.com/,0,2
https://www.chuckberry.com,1,1
https://www.chuckberry.com/,0,2
https://www.chuckecheese.com,1,1
https://www.chuckecheese.com/,0,2
https://www.cinema.ucla.edu,1,1
https://www.cinema.ucla.edu/,0,2
https://www.cirquedusoleil.com,1,1
https://www.cirquedusoleil.com/,0,2
https://www.cisco.com,1,1
https://www.cisco.com,0,2
https://www.cityhall.lima.oh.us,1,1
https://www.cityhall.lima.oh.us/,0,2
https://www.cityofdenton.com,1,1
https://www.cityofdenton.com/,0,2
https://www.cityofiola.com,1,1
https://www.cityofiola.com/,0,2
https://www.cityofsacramento.org,1,1
https://www.cityofsacramento.org/,0,2
https://www.cityoftulsa.org,1,1
https://www.cityoftulsa.org/,0,2
https://www.cityofzillah.us,1,1
https://www.cityofzillah.us/,0,2
https://www.citytech.cuny.edu,1,1
https://www.citytech.cuny.edu/,0,2
https://www.cityvision.edu,1,1
https://www.cityvision.edu/,0,2
https://www.clarin.com,1,1
https://www.clarin.com,0,2
https://www.clarkcountynv.gov,1,1
https://www.clarkcountynv.gov/,0,2
https://www.clemensarchitecture.com,1,1
https://www.clemensarchitecture.com/,0,2
https://www.clevelandart.org,1,1
https://www.clevelandart.org/,0,2
https://www.clevelandbrowns.com,1,1
https://www.clevelandbrowns.com/,0,2
https://www.clevelandorchestra.com,1,1
https://www.clevelandorchestra.com/,0,2
https://www.clevelandpeople.com,1,1
https://www.clevelandpeople.com/,0,2
https://www.clickfunnels.com,1,1
https://www.clickfunnels.com,0,2
http://www.climaxcn.com,0,1
http://climaxcn.com,1,2
https://www.clipland.com,1,1
https://www.clipland.com/,0,2
https://www.clipperflyingboats.com,1,1
https://www.clipperflyingboats.com/,0,2
http://www.clockpunchposition.com,0,1
http://clockpunchposition.com/,1,2
https://www.clorox.com,1,1
https://www.clorox.com/,0,2
http://www.cloudimagecdn.com,0,1
http://cloudimagecdn.com/,1,2
http://www.cloudimagehosters.com,0,1
http://cloudimagehosters.com/,1,2
http://clubeamigosdopedrosegundo.com.br/last/,0,1
http://clubeamigosdopedrosegundo.com.br/last/,1,2
http://clubeamigosdopedrosegundo.com.br/list/,0,1
http://clubeamigosdopedrosegundo.com.br/list/,1,2
http://clubeamigosdopedrosegundo.com.br/list/index.php?email=abuse@brain.net.pk,0,1
http://clubeamigosdopedrosegundo.com.br/list/index.php?email=abuse@brain.net.pk,1,2
https://www.clubic.com,1,1
https://www.clubic.com,0,2
https://www.cnblogs.com,1,1
https://www.cnblogs.com,0,2
https://www.cnd.com,1,1
https://www.cnd.com/,0,2
https://www.cnm.edu,1,1
https://www.cnm.edu/,0,2
https://www.cnnindonesia.com,1,1
https://www.cnnindonesia.com,0,2
https://www.co.cook.mn.us,1,1
https://www.co.cook.mn.us/,0,2
https://www.codman.org,1,1
https://www.codman.org/,0,2
https://www.coffeebeandirect.com,1,1
https://coffeebeandirect.com/,0,2
https://www.coingecko.com,1,1
https://www.coingecko.com,0,2
https://www.coinmama.com,1,1
http://www.coinmama.com,0,1
https://www.collegeboard.org,1,1
https://www.collegeboard.org,0,2
https://www.collegeinsider.com,1,1
https://www.collegeinsider.com/,0,2
https://www.coloradorapids.com,1,1
https://www.coloradorapids.com/,0,2
https://www.columbia.edu,1,1
https://www.columbia.edu,0,2
https://www.comicbookbin.com,1,1
https://www.comicbookbin.com/,0,2
https://www.commbank.com.au,1,1
https://www.commbank.com.au,0,2
https://www.commentcamarche.net,1,1
https://www.commentcamarche.net,0,2
https://www.commerce.gov,1,1
https://www.commerce.gov/,0,2
https://www.commercebank.com,1,1
https://www.commercebank.com/,0,2
https://www.commissarybbq.com,1,1
https://www.commissarybbq.com/,0,2
https://www.commonsensemedia.org,1,1
https://www.commonsensemedia.org/,0,2
https://www.concertboom.com,1,1
https://www.concertboom.com/,0,2
https://www.concordia.ca,1,1
https://www.concordia.ca/,0,2
https://www.concorsodeleganzavilladeste.com,1,1
https://www.concorsodeleganzavilladeste.com/,0,2
https://www.conoco.com,1,1
https://www.conoco.com/,0,2
https://www.consolidatedcredit.org,1,1
https://www.consolidatedcredit.org/,0,2
http://www.contenthosts.com,0,1
http://contenthosts.com/,1,2
https://www.copyright.gov,1,1
https://www.copyright.gov/,0,2
https://www.corliss-lamont.org,1,1
https://www.corliss-lamont.org/,0,2
https://www.cornell.edu,1,1
https://www.cornell.edu,0,2
https://www.correios.com.br,1,1
https://www.correios.com.br,0,2
https://www.corriere.it,1,1
https://www.corriere.it,0,2
https://www.cosafa.com,1,1
https://www.cosafa.com/,0,2
https://www.costco.com,1,1
https://www.costco.com,0,2
https://www.county.org,1,1
https://www.county.org/,0,2
https://www.coupdemainmagazine.com,1,1
https://www.coupdemainmagazine.com/,0,2
https://www.cousteau.org,1,1
https://www.cousteau.org/,0,2
https://www.cprseattle.com,1,1
https://www.cprseattle.com/,0,2
https://www.cpsc.gov,1,1
https://www.cpsc.gov/,0,2
https://www.credit-agricole.fr,1,1
https://www.credit-agricole.fr,0,2
http://creditiperhabbogratissicuro100.blogspot.it/2011/02/habbo-crediti-gratis-sicuro-100.html,0,1
http://creditiperhabbogratissicuro100.blogspot.it/2011/02/habbo-crediti-gratis-sicuro-100.html,1,2
https://www.crockford.org.uk,1,1
https://www.crockford.org.uk/,0,2
https://www.crowncenter.com,1,1
https://www.crowncenter.com/,0,2
https://www.cryptocompare.com,1,1
https://www.cryptocompare.com,0,2
https://www.cs.iastate.edu,1,1
https://www.cs.iastate.edu/,0,2
https://www.cs.ucla.edu,1,1
https://www.cs.ucla.edu/,0,2
https://www.csc.edu,1,1
https://www.csc.edu/,0,2
https://www.cse-india.com,1,1
https://www.cse-india.com/,0,2
https://www.csfd.cz,1,1
https://www.csfd.cz,0,2
https://www.csudh.edu,1,1
https://www.csudh.edu/,0,2
https://www.csun.edu,1,1
https://www.csun.edu/,0,2
https://www.csus.edu,1,1
https://www.csus.edu/,0,2
https://www.csusm.edu,1,1
https://www.csusm.edu/,0,2
https://www.csustan.edu,1,1
https://www.csustan.edu/,0,2
https://www.ctownsupermarkets.com,1,1
https://www.ctownsupermarkets.com/,0,2
https://www.cuaa.edu,1,1
https://www.cuaa.edu/,0,2
https://www.cuchini.com,1,1
https://www.cuchini.com/,0,2
https://www.cuisineathome.com,1,1
https://www.cuisineathome.com/,0,2
https://www.cuna.org,1,1
https://www.cuna.org/,0,2
https://www.cuny.edu,1,1
https://www.cuny.edu/,0,2
https://www.curee.org,1,1
https://www.curee.org/,0,2
https://www.curtis.com,1,1
https://www.curtis.com/,0,2
https://www.cyberitalian.com,1,1
https://www.cyberitalian.com/,0,2
https://www.d.umn.edu,1,1
https://www.d.umn.edu/,0,2
https://www.d11.org,1,1
https://www.d11.org/,0,2
https://www.dac.com,1,1
https://www.dac.com/,0,2
https://www.dagospia.com,1,1
https://www.dagospia.com,0,2
http://www.dailynk.com,0,1
https://www.dailynk.com,1,1
https://www.dailypioneer.com,1,1
https://www.dailypioneer.com/,0,2
https://www.dailysciencefiction.com,1,1
https://www.dailysciencefiction.com/,0,2
https://www.damsdelhi.com,1,1
https://damsdelhi.com/,0,2
https://www.danceshopper.com,1,1
https://www.danceshopper.com/,0,2
https://www.daraz.pk,1,1
https://www.daraz.pk,0,2
https://www.darleyamerica.com,1,1
https://www.darleyamerica.com/,0,2
https://www.dart.org,1,1
https://www.dart.org/,0,2
https://www.darwinmuseum.ru,1,1
https://www.darwinmuseum.ru/,0,2
https://www.databasejournal.com,1,1
https://www.databasejournal.com/,0,2
https://www.davidberg.org,1,1
https://www.davidberg.org/,0,2
https://www.dawn.com,1,1
https://www.dawn.com,0,2
https://www.daystar.com,1,1
https://www.daystar.com/,0,2
http://www.deadaliens.us,0,1
http://deadaliens.us/,1,2
https://www.deb.uscourts.gov,1,1
https://www.deb.uscourts.gov/,0,2
http://www.decisiondock.com,0,1
http://decisiondock.com/,1,2
https://www.delhihighcourt.nic.in,1,1
https://delhihighcourt.nic.in/,0,2
http://www.dellrescue.com,0,1
http://dellrescue.com/,1,2
https://www.deltacollege.edu,1,1
https://www.deltacollege.edu/,0,2
https://www.deltasigmatheta.org,1,1
https://www.deltasigmatheta.org/,0,2
https://www.dent.umich.edu,1,1
https://www.dent.umich.edu/,0,2
https://www.dentalplans.com,1,1
https://www.dentalplans.com/,0,2
https://www.deshgujarat.com,1,1
https://deshgujarat.com/,0,2
https://www.detik.com,1,1
https://www.detik.com,0,2
https://www.devalt.org,1,1
https://www.devalt.org/,0,2
https://www.dhgate.com,1,1
https://www.dhgate.com,0,2
http://www.dichvusamp.host22.com,0,1
http://dichvusamp.host22.com/,1,2
https://www.dickensfellowship.org,1,1
https://www.dickensfellowship.org/,0,2
https://www.difc.ae,1,1
https://www.difc.ae/,0,2
https://www.digitalarchives.wa.gov,1,1
https://www.digitalarchives.wa.gov/,0,2
https://www.digitalballparks.com,1,1
https://www.digitalballparks.com/,0,2
https://www.dinakaran.com,1,1
https://www.dinakaran.com/,0,2
https://www.dinamani.com,1,1
https://www.dinamani.com/,0,2
https://www.dioceseofgaylord.org,1,1
https://www.dioceseofgaylord.org/,0,2
https://www.disabilityscoop.com,1,1
https://www.disabilityscoop.com/,0,2
https://www.discogs.com,1,1
https://www.discogs.com,0,2
https://www.discover.com,1,1
https://www.discover.com,0,2
https://www.discover.com/,0,2
https://www.discoverfrance.net,1,1
https://www.discoverfrance.net/,0,2
https://www.discoverlosangeles.com,1,1
https://www.discoverlosangeles.com/,0,2
https://www.discoverlowell.org,1,1
https://www.discoverlowell.org/,0,2
https://www.discoveryplace.org,1,1
https://www.discoveryplace.org/,0,2
https://www.dishtv.in,1,1
https://www.dishtv.in/,0,2
https://www.disneyanimation.com,1,1
https://www.disneyanimation.com/,0,2
https://www.dmagazine.com,1,1
https://www.dmagazine.com/,0,2
https://www.dmm.com,1,1
https://www.dmm.com,0,2
https://www.dmv.org,1,1
https://www.dmv.org,0,2
https://www.dnr.sc.gov,1,1
https://www.dnr.sc.gov/,0,2
http://www.dnsclientresolver.com,0,1
http://dnsclientresolver.com/,1,2
https://www.doc.wa.gov,1,1
https://www.doc.wa.gov/,0,2
https://www.dol.gov,1,1
https://www.dol.gov/,0,2
https://www.dol.wa.gov,1,1
https://www.dol.wa.gov/,0,2
http://www.dom1337.zzz.com.ua,0,1
http://dom1337.zzz.com.ua/,1,2
https://www.dominican.edu,1,1
https://www.dominican.edu/,0,2
https://www.donanimhaber.com,1,1
https://www.donanimhaber.com,0,2
https://www.donga.com,1,1
https://www.donga.com,0,2
https://www.dorel.com,1,1
https://www.dorel.com/,0,2
https://www.dot.nd.gov,1,1
https://www.dot.nd.gov/,0,2
http://www.dotnetupdatechecker.com,0,1
http://dotnetupdatechecker.com/,1,2
http://www.dotnetupdates.com,0,1
http://dotnetupdates.com/,1,2
https://www.douban.com,1,1
https://www.douban.com,0,2
https://www.dow.com,1,1
https://www.dow.com/,0,2
https://www.dowjones.com,1,1
https://dowjones.com/,0,2
https://www.downtownkc.org,1,1
https://www.downtownkc.org/,0,2
https://www.dphhs.mt.gov,1,1
https://www.dphhs.mt.gov/,0,2
https://www.drama.yale.edu,1,1
https://www.drama.yale.edu/,0,2
http://www.drdigitalmd.com,0,1
http://drdigitalmd.com/,1,2
https://www.drive2.ru,1,1
https://www.drive2.ru,0,2
http://www.drivehq.com,0,1
https://www.drivehq.com,1,1
https://www.drphil.com,1,1
https://www.drphil.com/,0,2
https://www.drs.wa.gov,1,1
https://www.drs.wa.gov/,0,2
http://www.drsayani.com,0,1
http://drsayani.com/,1,2
https://www.drudgereport.com,1,1
https://www.drudgereport.com,0,2
https://www.drugs.com,1,1
https://www.drugs.com,0,2
https://www.dshs.wa.gov,1,1
https://www.dshs.wa.gov/,0,2
https://www.dtcc.com,1,1
https://www.dtcc.com/,0,2
https://www.dublinbus.ie,1,1
https://www.dublinbus.ie/,0,2
https://www.duden.de,1,1
https://www.duden.de,0,2
https://www.dwu.edu,1,1
https://www.dwu.edu/,0,2
http://www.dyn3312.netau.net,0,1
http://dyn3312.netau.net/,1,2
https://www.dynu.com,1,1
http://www.dynu.com,0,1
https://www.e-publishing.af.mil,1,1
https://www.e-publishing.af.mil/,0,2
https://www.e-yearbook.com,1,1
https://www.e-yearbook.com/,0,2
https://www.ea.com,1,1
https://www.ea.com,0,2
https://www.ea.com/,0,2
https://www.earlyaviators.com,1,1
https://www.earlyaviators.com/,0,2
https://www.earlyblues.com,1,1
https://www.earlyblues.com/,0,2
https://www.earthhour.org,1,1
https://www.earthhour.org/,0,2
https://www.easeus.com,1,1
https://www.easeus.com,0,2
https://www.eastgermany.info,1,1
https://www.eastgermany.info/,0,2
https://www.ebay-kleinanzeigen.de,1,1
https://www.ebay-kleinanzeigen.de,0,2
https://www.ebri.org,1,1
https://www.ebri.org/,0,2
https://www.ecenglish.com,1,1
https://www.ecenglish.com/,0,2
https://www.echolink.org,1,1
https://www.echolink.org/,0,2
https://www.econsumer.gov,1,1
https://www.econsumer.gov/,0,2
http://www.ecrater.com,0,1
https://www.ecrater.com,1,1
https://www.ed.gov,1,1
https://www.ed.gov,0,2
https://www.ed.gov/,0,2
https://www.education.gouv.fr/,0,1
https://www.education.gouv.fr,1,1
https://www.eenadu.net,1,1
https://www.eenadu.net,0,2
https://www.eenadu.net/,0,2
https://www.ehabweb.net,1,1
https://www.ehabweb.net/,0,2
https://www.ehextra.com,1,1
https://www.ehextra.com/,0,2
https://www.eia.gov,1,1
https://www.eia.gov/,0,2
https://www.elcomercio.com,1,1
https://www.elcomercio.com,0,2
https://www.eldersmusic.com,1,1
https://www.eldersmusic.com/,0,2
https://www.electrum.org,1,1
http://www.electrum.org,0,1
https://www.elespanol.com,1,1
https://www.elespanol.com,0,2
https://www.ellabakercenter.org,1,1
https://www.ellabakercenter.org/,0,2
http://emailsettings.webflow.io/,0,1
http://emailsettings.webflow.io/,1,2
https://www.emergencyarchitects.org.au,1,1
https://www.emergencyarchitects.org.au/,0,2
https://www.emmys.com,1,1
https://www.emmys.com/,0,2
https://www.emol.com,1,1
https://www.emol.com,0,2
https://www.emsb.qc.ca,1,1
https://www.emsb.qc.ca/,0,2
https://www.emuparadise.me,1,1
https://www.emuparadise.me,0,2
https://www.enbridge.com,1,1
https://www.enbridge.com/,0,2
https://www.endseurope.com,1,1
https://www.endseurope.com/,0,2
https://www.energy.gov,1,1
https://www.energy.gov/,0,2
https://www.eng.auburn.edu,1,1
https://www.eng.auburn.edu/,0,2
https://www.english-heritage.org.uk,1,1
https://www.english-heritage.org.uk/,0,2
https://www.english.upenn.edu,1,1
https://www.english.upenn.edu/,0,2
https://www.englishclub.com,1,1
https://www.englishclub.com/,0,2
https://www.ensonhaber.com,1,1
https://www.ensonhaber.com,0,2
https://www.entergy.com,1,1
https://www.entergy.com/,0,2
https://www.entrepreneur.com,1,1
https://www.entrepreneur.com,0,2
https://www.eol.cn,1,1
https://www.eol.cn,0,2
https://www.epic.com,1,1
https://www.epic.com/,0,2
https://www.epochtimes.com,1,1
https://www.epochtimes.com,0,2
https://www.esu.edu,1,1
https://www.esu.edu/,0,2
https://www.ethelm.com,1,1
https://www.ethelm.com/,0,2
https://www.ethiopianairlines.com,1,1
https://www.ethiopianairlines.com/,0,2
https://www.ets.org,1,1
https://www.ets.org,0,2
https://www.etsy.com,1,1
https://www.etsy.com,0,2
http://www.europeanda.com,0,1
http://europeanda.com/,1,2
https://www.europeanfilmacademy.org,1,1
https://www.europeanfilmacademy.org/,0,2
http://www.euroreport24.com,0,1
http://euroreport24.com/,1,2
https://www.evolution.com,1,1
https://www.evolution.com/,0,2
https://www.eweek.com,1,1
https://www.eweek.com/,0,2
https://www.ewtn.com,1,1
https://www.ewtn.com/,0,2
https://www.exoclick.com,1,1
https://www.exoclick.com,0,2
https://www.experiencecolumbus.com,1,1
https://www.experiencecolumbus.com/,0,2
https://www.experiencenano.com,1,1
http://www.experiencenano.com,0,1
https://www.explorelearning.com,1,1
https://www.explorelearning.com/,0,2
https://www.express.pk,1,1
https://www.express.pk,0,2
http://www.extcitrix.we11point.com,0,1
http://extcitrix.we11point.com/,1,2
https://www.extension.iastate.edu,1,1
https://www.extension.iastate.edu/,0,2
http://www.extremebolt.com,0,1
http://extremebolt.com,1,2
https://www.eyesightassociates.com,1,1
https://www.eyesightassociates.com/,0,2
http://www.ezblox.site/free/jennifer111/helpdesk,0,1
http://ezblox.site/free/jennifer111/helpdesk,1,2
http://www.ezblox.site/free/jennifer111/helpdesk,1,2
https://www.f-16.net,1,1
https://www.f-16.net/,0,2
https://www.fairfaxcounty.gov,1,1
https://www.fairfaxcounty.gov/,0,2
https://www.famsf.org,1,1
https://www.famsf.org/,0,2
https://www.famu.edu,1,1
https://www.famu.edu/,0,2
https://www.farmingmagazine.com,1,1
https://www.farmingmagazine.com/,0,2
https://www.fas.usda.gov,1,1
https://www.fas.usda.gov/,0,2
http://www.fasttravelclearance.com,0,1
http://fasttravelclearance.com/,1,2
https://www.fatherjudge.com,1,1
https://www.fatherjudge.com/,0,2
https://www.fca.org,1,1
https://www.fca.org/,0,2
http://www.fcserbiaunited.com,0,1
http://fcserbiaunited.com/,1,2
https://www.fda.gov,1,1
https://www.fda.gov/,0,2
https://www.fdic.gov,1,1
https://www.fdic.gov/,0,2
https://www.fender.com,1,1
https://www.fender.com/,0,2
https://www.fftw.org,1,1
https://www.fftw.org/,0,2
https://www.fic.nih.gov,1,1
https://www.fic.nih.gov/,0,2
https://www.fidelity.com,1,1
https://www.fidelity.com,0,2
https://www.field.ca,1,1
https://www.field.ca/,0,2
https://www.filmconnection.com,1,1
https://www.filmconnection.com/,0,2
https://www.filmfetish.com,1,1
https://www.filmfetish.com/,0,2
https://www.filmsite.org,1,1
https://www.filmsite.org/,0,2
https://www.findmeanauthor.com,1,1
https://www.findmeanauthor.com/,0,2
https://www.firestonecompleteautocare.com,1,1
https://www.firestonecompleteautocare.com/,0,2
https://www.firstpeople.us,1,1
https://www.firstpeople.us/,0,2
https://www.firstpost.com,1,1
https://www.firstpost.com,0,2
https://www.firsttechfed.com,1,1
https://www.firsttechfed.com/,0,2
https://www.fishermanswharf.org,1,1
https://www.fishermanswharf.org/,0,2
https://www.flagstaff.az.gov,1,1
https://www.flagstaff.az.gov/,0,2
https://www.flashscore.com,1,1
https://www.flashscore.com,0,2
https://www.flaticon.com,1,1
https://www.flaticon.com,0,2
https://www.flatriverlibrary.org,1,1
https://www.flatriverlibrary.org/,0,2
https://www.fleetwoodmac.com,1,1
https://www.fleetwoodmac.com/,0,2
https://www.floridatile.com,1,1
https://www.floridatile.com/,0,2
https://www.floridatrend.com,1,1
https://www.floridatrend.com/,0,2
https://www.flsd.uscourts.gov,1,1
https://www.flsd.uscourts.gov/,0,2
https://www.flykci.com,1,1
https://www.flykci.com/,0,2
https://www.fmylife.com,1,1
https://www.fmylife.com/,0,2
https://www.fnb.co.za,1,1
https://www.fnb.co.za,0,2
https://www.focus.de,1,1
https://www.focus.de,0,2
https://www.focusonenergy.com,1,1
https://www.focusonenergy.com/,0,2
https://www.focusonthefamily.com,1,1
https://www.focusonthefamily.com/,0,2
https://www.folkstreams.net,1,1
https://www.folkstreams.net/,0,2
https://www.fontecoffee.com,1,1
https://www.fontecoffee.com/,0,2
https://www.foodbanknyc.org,1,1
https://www.foodbanknyc.org/,0,2
https://www.foodnetwork.com,1,1
https://www.foodnetwork.com,0,2
https://www.fool.com,1,1
https://www.fool.com,0,2
https://www.football-england.com,1,1
https://www.football-england.com/,0,2
https://www.footballmanager.com,1,1
https://www.footballmanager.com/,0,2
https://www.ford.com,1,1
https://www.ford.com/,0,2
https://www.foreignpolicyjournal.com,1,1
https://www.foreignpolicyjournal.com/,0,2
http://www.foreignreview.com,0,1
http://foreignreview.com/,1,2
https://www.forestriverinc.com,1,1
https://www.forestriverinc.com/,0,2
http://www.formbuddy.com/cgi-bin/formdisp.pl?u=twice&amp;f=llm,0,1
http://formbuddy.com/cgi-bin/formdisp.pl?u=Twice&amp;f=LLM,1,2
http://www.formbuddy.com/cgi-bin/formdisp.pl?u=Twice&amp;f=LLM,1,2
https://www.formula1.com,1,1
https://www.formula1.com/,0,2
https://www.foxbusiness.com,1,1
https://www.foxbusiness.com/,0,2
https://www.foxestalk.co.uk,1,1
https://www.foxestalk.co.uk/,0,2
https://www.foxnews.com,1,1
https://www.foxnews.com,0,2
https://www.foxtheatre.org,1,1
https://www.foxtheatre.org/,0,2
https://www.fpl.com,1,1
https://www.fpl.com/,0,2
https://www.fragrancedirect.co.uk,1,1
https://www.fragrancedirect.co.uk/,0,2
https://www.framesdirect.com,1,1
https://www.framesdirect.com/,0,2
https://www.francetvinfo.fr,1,1
https://www.francetvinfo.fr,0,2
https://www.fredmiranda.com,1,1
https://www.fredmiranda.com/,0,2
https://www.freedomairguam.com,1,1
https://www.freedomairguam.com/,0,2
https://www.freelists.org,1,1
https://www.freelists.org/,0,2
https://www.freemason.com,1,1
https://www.freemason.com/,0,2
https://www.freerideworldtour.com,1,1
https://www.freerideworldtour.com/,0,2
https://www.frenchquarter.com,1,1
https://www.frenchquarter.com/,0,2
https://www.friv.com,1,1
https://www.friv.com,0,2
https://www.friv.com/,0,2
http://www.ftp.collabvm.ml,0,1
http://ftp.collabvm.ml/,1,2
https://www.fullerton.edu,1,1
https://www.fullerton.edu/,0,2
https://www.fullhyderabad.com,1,1
https://www.fullhyderabad.com/,0,2
https://www.fundforpeace.org,1,1
https://www.fundforpeace.org/,0,2
https://www.furaffinity.net,1,1
https://www.furaffinity.net,0,2
https://www.futhead.com,1,1
https://www.futhead.com,0,2
https://www.fws.gov,1,1
https://www.fws.gov/,0,2
https://www.fye.com,1,1
https://www.fye.com/,0,2
http://www.g951876v.bget.ru,0,1
http://g951876v.bget.ru/,1,2
https://www.galtmacdermot.com,1,1
https://www.galtmacdermot.com/,0,2
https://www.gamedev.net,1,1
https://www.gamedev.net/,0,2
https://www.gamestop.com,1,1
https://www.gamestop.com,0,2
https://www.gazzetta.it,1,1
https://www.gazzetta.it,0,2
https://www.gcc.edu,1,1
https://www.gcc.edu/,0,2
http://www.gdforum.info,0,1
http://gdforum.info/,1,2
http://www.gdforum.info/,1,2
https://www.gemarsh.com,1,1
https://www.gemarsh.com/,0,2
https://www.georgecmarshall.org,1,1
https://www.georgecmarshall.org/,0,2
http://www.getmonero.org,0,1
https://www.getmonero.org,1,1
https://www.ggu.edu,1,1
https://www.ggu.edu/,0,2
https://www.ghanaweb.com,1,1
https://www.ghanaweb.com,0,2
https://www.giveawayoftheday.com,1,1
https://www.giveawayoftheday.com/,0,2
https://www.givemesport.com,1,1
https://www.givemesport.com,0,2
https://www.glad.com,1,1
https://www.glad.com/,0,2
https://www.globalknowledge.com,1,1
https://www.globalknowledge.com/,0,2
https://www.globaltimes.cn,1,1
https://www.globaltimes.cn,0,2
https://www.gmc.com,1,1
https://www.gmc.com/,0,2
https://www.gmw.cn,1,1
https://www.gmw.cn,0,2
https://www.go-new-york.com,1,1
https://www.go-new-york.com/,0,2
https://www.goarmy.com,1,1
https://www.goarmy.com/,0,2
https://www.gog.com,1,1
https://www.gog.com,0,2
https://www.goindigo.in,1,1
https://www.goindigo.in,0,2
https://www.goldenstateofmind.com,1,1
https://www.goldenstateofmind.com/,0,2
https://www.goo.ne.jp,1,1
https://www.goo.ne.jp,0,2
http://good12345.tripod.com/,0,1
http://good12345.tripod.com/,1,2
https://www.goodreads.com,1,1
https://www.goodreads.com,0,2
https://www.goodreads.com/,0,2
https://www.google.com/webhp,0,2
http://www.google.com/webhp,1,2
https://www.google.org,1,1
https://www.google.org/,0,2
https://www.gov.ca.gov,1,1
https://www.gov.ca.gov/,0,2
https://www.governor.nd.gov,1,1
https://www.governor.nd.gov/,0,2
https://www.governor.wa.gov,1,1
https://www.governor.wa.gov/,0,2
https://www.gpo.gov,1,1
https://www.gpo.gov/,0,2
https://www.gramercymansion.com,1,1
https://www.gramercymansion.com/,0,2
https://www.grandcountyutah.net,1,1
https://www.grandcountyutah.net/,0,2
https://www.grandforksherald.com,1,1
https://www.grandforksherald.com/,0,2
https://www.grandprix.com,1,1
https://www.grandprix.com/,0,2
https://www.grants.gov,1,1
https://www.grants.gov/,0,2
https://www.greatandhra.com,1,1
https://www.greatandhra.com,0,2
http://www.greatdexter.com,0,1
http://greatdexter.com,1,2
https://www.greaterlouisville.com,1,1
https://www.greaterlouisville.com/,0,2
https://www.greenpeople.org,1,1
https://www.greenpeople.org/,0,2
https://www.grid.id,1,1
https://www.grid.id,0,2
https://www.groundtruth.com,1,1
https://www.groundtruth.com/,0,2
https://www.gsd.harvard.edu,1,1
https://www.gsd.harvard.edu/,0,2
https://www.gse.harvard.edu,1,1
https://www.gse.harvard.edu/,0,2
https://www.gspp.berkeley.edu,1,1
https://www.gspp.berkeley.edu/,0,2
https://www.guidetofilmphotography.com,1,1
https://www.guidetofilmphotography.com/,0,2
https://www.guitarbitz.com,1,1
https://www.guitarbitz.com/,0,2
https://www.guitarchordsmagic.com,1,1
https://www.guitarchordsmagic.com/,0,2
https://www.gulfcoastmag.org,1,1
https://www.gulfcoastmag.org/,0,2
https://www.gumtree.com.au,1,1
https://www.gumtree.com.au,0,2
https://www.gunplot.net,1,1
https://www.gunplot.net/,0,2
https://www.guthrietheater.org,1,1
https://www.guthrietheater.org/,0,2
https://www.gvmc.org,1,1
https://www.gvmc.org/,0,2
https://www.haber7.com,1,1
https://www.haber7.com,0,2
https://www.haberturk.com,1,1
https://www.haberturk.com,0,2
https://www.hachettebookgroup.com,1,1
https://www.hachettebookgroup.com/,0,2
https://www.hackensack.org,1,1
https://www.hackensack.org/,0,2
http://hahdaeupdate.es.tl/,0,1
http://hahdaeupdate.es.tl/,1,2
https://www.halloweenhorrornights.com,1,1
https://www.halloweenhorrornights.com/,0,2
https://www.halo.bungie.org,1,1
https://www.halo.bungie.org/,0,2
https://www.halton.ca,1,1
https://www.halton.ca/,0,2
https://www.hamsphere.com,1,1
https://www.hamsphere.com/,0,2
https://www.hap.org,1,1
https://www.hap.org/,0,2
https://www.hartfordcitynewstimes.com,1,1
https://www.hartfordcitynewstimes.com/,0,2
https://www.hatenablog.com,1,1
https://www.hatenablog.com,0,2
https://www.haynes-catalog.net,1,1
https://www.haynes-catalog.net/,0,2
https://www.hca.wa.gov,1,1
https://www.hca.wa.gov/,0,2
https://www.healthcare.gov,1,1
https://www.healthcare.gov/,0,2
https://www.hearthpwn.com,1,1
https://www.hearthpwn.com,0,2
https://www.henrydrummond.wwwhubs.com,1,1
https://www.henrydrummond.wwwhubs.com/,0,2
https://www.heraldstandard.com,1,1
https://www.heraldstandard.com/,0,2
https://www.heritage.org,1,1
https://www.heritage.org/,0,2
https://www.hexun.com,1,1
https://www.hexun.com,0,2
https://www.hgtv.com,1,1
https://www.hgtv.com,0,2
https://www.highereducationinindia.com,1,1
https://www.highereducationinindia.com/,0,2
https://www.hist.cam.ac.uk,1,1
https://www.hist.cam.ac.uk/,0,2
https://www.historicfilms.com,1,1
https://www.historicfilms.com/,0,2
https://www.history.com,1,1
https://www.history.com,0,2
https://www.history.nd.gov,1,1
https://www.history.nd.gov/,0,2
https://www.hitimewine.net,1,1
https://www.hitimewine.net/,0,2
https://www.hltv.org,1,1
https://www.hltv.org,0,2
https://www.hockeyfights.com,1,1
https://www.hockeyfights.com/,0,2
https://www.hola.com,1,1
https://www.hola.com,0,2
https://www.holden.com.au,1,1
https://www.holden.com.au/,0,2
https://www.hole-in-the-wall.com,1,1
https://www.hole-in-the-wall.com/,0,2
https://www.holidayleds.com,1,1
https://www.holidayleds.com/,0,2
https://www.holsteinusa.com,1,1
https://www.holsteinusa.com/,0,2
https://www.hometownstations.com,1,1
https://www.hometownstations.com/,0,2
https://www.honda.com,1,1
https://www.honda.com/,0,2
https://www.house.gov,1,1
https://www.house.gov/,0,2
https://www.houseofblues.com,1,1
https://www.houseofblues.com/,0,2
https://www.howtogeek.com,1,1
https://www.howtogeek.com,0,2
https://www.howtogeek.com/,0,2
https://www.hrblock.com,1,1
https://www.hrblock.com/,0,2
http://www.hrsolutions.we11point.com,0,1
http://hrsolutions.we11point.com/,1,2
https://www.hsbc.co.uk,1,1
https://www.hsbc.co.uk,0,2
https://www.hsbc.com.hk,1,1
https://www.hsbc.com.hk,0,2
https://www.hubspot.com,1,1
https://www.hubspot.com,0,2
http://www.huinetbot.site88.net,0,1
http://huinetbot.site88.net/,1,2
https://www.humanresourcesonline.net,1,1
https://www.humanresourcesonline.net/,0,2
https://www.huxley.net,1,1
https://www.huxley.net/,0,2
https://www.hws.edu,1,1
https://www.hws.edu/,0,2
https://www.hyphy.org,1,1
https://www.hyphy.org/,0,2
https://www.hytera.com,1,1
https://www.hytera.com/,0,2
http://www.i-m.mx/ebuse/servic,0,1
http://i-m.mx/ebuse/servic,1,2
http://www.i-m.mx/ebuse/servic,1,2
http://www.i-m.mx/webaccountupdate/stockholmsuniversitet/,0,1
http://i-m.mx/webaccountupdate/Stockholmsuniversitet/,1,2
http://i-m.mx/webaccountupdate/Stockholmsuniversitet,1,2
http://www.i-m.mx/webaccountupdate/Stockholmsuniversitet/,1,2
https://www.iamsecond.com,1,1
https://www.iamsecond.com/,0,2
https://www.ias.ac.in,1,1
https://www.ias.ac.in/,0,2
https://www.iastate.edu,1,1
https://www.iastate.edu/,0,2
https://www.iata.org,1,1
https://www.iata.org/,0,2
https://www.iatp.org,1,1
https://www.iatp.org/,0,2
https://www.ibby.org,1,1
https://www.ibby.org/,0,2
https://www.ibtimes.co.in,1,1
https://www.ibtimes.co.in,0,2
https://www.icann.org,1,1
https://www.icann.org/,0,2
https://www.icc-ccs.org,1,1
https://www.icc-ccs.org/,0,2
https://www.icc.illinois.gov,1,1
https://www.icc.illinois.gov/,0,2
https://www.iccsafe.org,1,1
https://www.iccsafe.org/,0,2
https://www.icecream.com,1,1
https://www.icecream.com/,0,2
https://www.ici.org,1,1
https://www.ici.org/,0,2
https://www.icicibank.com,1,1
https://www.icicibank.com,0,2
https://www.icims.com,1,1
https://www.icims.com,0,2
https://www.icloud.com,1,1
https://www.icloud.com,0,2
https://www.ico.org,1,1
https://www.ico.org/,0,2
https://www.idahoptv.org,1,1
https://www.idahoptv.org/,0,2
https://www.idaireland.com,1,1
https://www.idaireland.com/,0,2
https://www.idnes.cz,1,1
https://www.idnes.cz,0,2
https://www.idntimes.com,1,1
https://www.idntimes.com,0,2
https://www.ieee.org,1,1
https://www.ieee.org,0,2
https://www.ielts.org,1,1
https://www.ielts.org/,0,2
http://www.iesafebrowsingcache.com,0,1
http://iesafebrowsingcache.com/,1,2
https://www.ifccenter.com,1,1
https://www.ifccenter.com/,0,2
https://www.ifixit.com,1,1
https://www.ifixit.com,0,2
https://www.ifrc.org,1,1
https://www.ifrc.org/,0,2
https://www.iihf.com,1,1
https://www.iihf.com/,0,2
https://www.ikarussecurity.com,1,1
http://www.ikarussecurity.com,0,1
https://www.ilbe.com,1,1
https://www.ilbe.com,0,2
https://www.ilfattoquotidiano.it,1,1
https://www.ilfattoquotidiano.it,0,2
https://www.ilga.gov,1,1
https://www.ilga.gov/,0,2
https://www.illinois.gov,1,1
https://www.illinois.gov/,0,2
https://www.ilmeteo.it,1,1
https://www.ilmeteo.it,0,2
https://www.ilovepdf.com,1,1
https://www.ilovepdf.com,0,2
https://www.imagebam.com,1,1
https://www.imagebam.com,0,2
https://www.imagesupply.com,1,1
https://www.imagesupply.com/,0,2
http://www.imcreator.com/viewer/vbid-fa0f29d5-fpsjmms8,0,1
http://www.imcreator.com/viewer/vbid-fa0f29d5-fpsjmms8,1,2
https://www.imls.gov,1,1
https://www.imls.gov/,0,2
https://www.imperialtours.net,1,1
https://www.imperialtours.net/,0,2
https://www.independent.org,1,1
https://www.independent.org/,0,2
https://www.independentliving.org,1,1
https://www.independentliving.org/,0,2
https://www.india.com,1,1
https://www.india.com,0,2
https://www.indianlink.com.au,1,1
https://www.indianlink.com.au/,0,2
https://www.indiantelevision.com,1,1
https://indiantelevision.com/,0,2
https://www.indiastudychannel.com,1,1
https://www.indiastudychannel.com/,0,2
https://www.indiatvnews.com,1,1
https://www.indiatvnews.com/,0,2
https://www.indiewire.com,1,1
https://www.indiewire.com/,0,2
http://www.indire.it,0,1
https://www.indire.it,1,1
https://www.influenceatwork.com,1,1
https://www.influenceatwork.com/,0,2
https://www.infopackets.com,1,1
https://www.infopackets.com/,0,2
https://www.information-age.com,1,1
https://www.information-age.com/,0,2
https://www.innsofcourt.org,1,1
https://www.innsofcourt.org/,0,2
https://www.insidespanishfootball.com,1,1
https://www.insidespanishfootball.com/,0,2
https://www.insomniac.com,1,1
https://www.insomniac.com/,0,2
https://www.instructure.com,1,1
https://www.instructure.com,0,2
https://www.insurance.arkansas.gov,1,1
https://www.insurance.arkansas.gov/,0,2
https://www.insurekidsnow.gov,1,1
https://www.insurekidsnow.gov/,0,2
https://www.interia.pl,1,1
https://www.interia.pl,0,2
https://www.internationalfolkart.org,1,1
https://www.internationalfolkart.org/,0,2
https://www.inven.co.kr,1,1
https://www.inven.co.kr,0,2
https://www.iontelevision.com,1,1
https://www.iontelevision.com/,0,2
http://www.ip-addr.es,0,1
http://ip-addr.es/,1,2
https://www.ip2location.com,1,1
http://www.ip2location.com,0,1
http://www.ipify.org,0,1
https://www.ipify.org,1,1
http://www.ipinfodb.com,0,1
https://www.ipinfodb.com,1,1
http://www.iplocation.net,0,1
https://www.iplocation.net,1,1
https://www.irishfa.com,1,1
https://www.irishfa.com/,0,2
https://www.irishmusicmagazine.com,1,1
https://www.irishmusicmagazine.com/,0,2
https://www.irontontribune.com,1,1
https://www.irontontribune.com/,0,2
https://www.irvinecompany.com,1,1
https://www.irvinecompany.com/,0,2
https://www.isbn-international.org,1,1
https://isbn-international.org/,0,2
https://www.isbn.org,1,1
https://www.isbn.org/,0,2
https://www.itau.com.br,1,1
https://www.itau.com.br,0,2
https://www.itcportal.com,1,1
https://www.itcportal.com/,0,2
https://www.itmedia.co.jp,1,1
https://www.itmedia.co.jp,0,2
https://www.iup.edu,1,1
https://www.iup.edu/,0,2
https://www.iwu.edu,1,1
https://www.iwu.edu/,0,2
https://www.jacklondon.com,1,1
https://www.jacklondon.com/,0,2
https://www.jadaliyya.com,1,1
https://www.jadaliyya.com/,0,2
https://www.jagran.com,1,1
https://www.jagran.com,0,2
https://www.jaguars.com,1,1
https://www.jaguars.com/,0,2
https://www.japan-guide.com,1,1
https://www.japan-guide.com/,0,2
https://www.japan-zone.com,1,1
https://www.japan-zone.com/,0,2
https://www.japanpost.jp,1,1
https://www.japanpost.jp,0,2
https://www.japantackle.com,1,1
https://www.japantackle.com/,0,2
https://www.japantrends.com,1,1
https://www.japantrends.com/,0,2
https://www.japantrendshop.com,1,1
https://www.japantrendshop.com/,0,2
https://www.javatpoint.com,1,1
https://www.javatpoint.com,0,2
http://www.javaupdatersvc.com,0,1
http://javaupdatersvc.com/,1,2
http://www.javaupdatesvc.com,0,1
http://javaupdatesvc.com/,1,2
https://www.jaxx.io,1,1
http://www.jaxx.io,0,1
https://www.jazzhostels.com,1,1
https://www.jazzhostels.com/,0,2
https://www.jb51.net,1,1
https://www.jb51.net,0,2
https://www.jbm.org.uk,1,1
https://www.jbm.org.uk/,0,2
https://www.jburroughs.org,1,1
https://www.jburroughs.org/,0,2
https://www.jcu.edu.au,1,1
https://www.jcu.edu.au/,0,2
https://www.jeanharlow.com,1,1
https://www.jeanharlow.com/,0,2
https://www.jetairways.com,1,1
https://www.jetairways.com/,0,2
https://www.jeuxvideo.com,1,1
https://www.jeuxvideo.com,0,2
https://www.jimmyjohns.com,1,1
https://www.jimmyjohns.com/,0,2
https://www.jio.com,1,1
https://www.jio.com,0,2
https://www.jjay.cuny.edu,1,1
https://www.jjay.cuny.edu/,0,2
https://www.jny.com,1,1
https://www.jny.com/,0,2
https://www.jobsnd.com,1,1
https://www.jobsnd.com/,0,2
http://www.jobtwitterz.biz,0,1
http://jobtwitterz.biz/,1,2
http://www.john-ashley.de/bbmt/bbmtlogin.php,0,1
http://www.john-ashley.de/bbmt/bbmtlogin.php,1,2
https://www.johnlscott.com,1,1
https://www.johnlscott.com/,0,2
https://www.joie.com,1,1
https://www.joie.com/,0,2
https://www.joshgroban.com,1,1
https://www.joshgroban.com/,0,2
https://www.joshuaradin.com,1,1
https://www.joshuaradin.com/,0,2
https://www.jpmorganchase.com,1,1
https://www.jpmorganchase.com/,0,2
https://www.jpopasia.com,1,1
https://www.jpopasia.com/,0,2
https://www.jstor.org,1,1
https://www.jstor.org,0,2
https://www.jstor.org/,0,2
https://www.judgejudy.com,1,1
https://www.judgejudy.com/,0,2
https://www.juju.com,1,1
https://www.juju.com/,0,2
https://www.juliaserano.com,1,1
https://www.juliaserano.com/,0,2
https://www.justaspens.com,1,1
https://www.justaspens.com/,0,2
https://www.jxnews.com.cn,1,1
https://www.jxnews.com.cn,0,2
https://www.k-state.com,1,1
https://www.k-state.com/,0,2
https://www.kaiseraluminum.com,1,1
https://www.kaiseraluminum.com/,0,2
https://www.kaizerchiefs.com,1,1
https://www.kaizerchiefs.com/,0,2
https://www.kansascity.com,1,1
https://www.kansascity.com/,0,2
https://www.kappaalphatheta.org,1,1
https://www.kappaalphatheta.org/,0,2
http://www.kashmirhills.com,0,1
https://www.kashmirhills.com,1,1
https://www.kativik.qc.ca,1,1
https://www.kativik.qc.ca/,0,2
https://www.kcata.org,1,1
https://www.kcata.org/,0,2
https://www.kccllc.net,1,1
https://www.kccllc.net/,0,2
https://www.kclibrary.org,1,1
https://www.kclibrary.org/,0,2
https://www.kcrw.com,1,1
https://www.kcrw.com/,0,2
https://www.kcstarlight.com,1,1
https://www.kcstarlight.com/,0,2
https://www.kcsymphony.org,1,1
https://www.kcsymphony.org/,0,2
https://www.kcur.org,1,1
https://www.kcur.org/,0,2
https://www.kellyservices.com,1,1
https://www.kellyservices.com/,0,2
https://www.kemdikbud.go.id,1,1
https://www.kemdikbud.go.id,0,2
https://www.kent.edu,1,1
https://www.kent.edu/,0,2
https://www.kentucky.com,1,1
https://www.kentucky.com/,0,2
https://www.kentuckylake.com,1,1
https://www.kentuckylake.com/,0,2
https://www.kentuckynewera.com,1,1
https://www.kentuckynewera.com/,0,2
https://www.kerala.gov.in,1,1
https://www.kerala.gov.in,0,2
https://www.kevinmahogany.com,1,1
https://www.kevinmahogany.com/,0,2
https://www.kijiji.ca,1,1
https://www.kijiji.ca,0,2
https://www.killermovies.com,1,1
https://www.killermovies.com/,0,2
https://www.king.org,1,1
https://www.king.org/,0,2
https://www.kingquality.com,1,1
https://www.kingquality.com/,0,2
https://www.kings.edu,1,1
https://www.kings.edu/,0,2
https://www.kino-teatr.ru,1,1
https://www.kino-teatr.ru,0,2
https://www.kirkwood.edu,1,1
https://www.kirkwood.edu/,0,2
https://www.kitchengardenfoundation.org.au,1,1
https://www.kitchengardenfoundation.org.au/,0,2
https://www.kitco.com,1,1
https://www.kitco.com,0,2
http://www.kitegacc.com,0,1
http://kitegacc.com/,1,2
https://www.klfy.com,1,1
https://www.klfy.com/,0,2
https://www.knbr.com,1,1
https://www.knbr.com/,0,2
https://www.kolbe.com,1,1
https://www.kolbe.com/,0,2
https://www.kolkata.org.uk,1,1
https://www.kolkata.org.uk/,0,2
https://www.kompas.com,1,1
https://www.kompas.com,0,2
https://www.kompasiana.com,1,1
https://www.kompasiana.com,0,2
https://www.kongregate.com,1,1
https://www.kongregate.com,0,2
https://www.koreastardaily.com,1,1
https://www.koreastardaily.com,0,2
http://www.kpai7ycr7jxqkilp.torexplorer.com,0,1
http://kpai7ycr7jxqkilp.torexplorer.com/,1,2
https://www.kprsinc.com,1,1
https://www.kprsinc.com/,0,2
http://www.kruibhez.ws,0,1
http://kruibhez.ws/,1,2
http://www.kruibhez.ws/,1,2
https://www.kurzweilai.net,1,1
https://www.kurzweilai.net/,0,2
https://www.kutztown.edu,1,1
https://www.kutztown.edu/,0,2
https://www.kvrr.com,1,1
https://www.kvrr.com/,0,2
https://www.kyagr.com,1,1
https://www.kyagr.com/,0,2
https://www.kysu.edu,1,1
https://www.kysu.edu/,0,2
https://www.kyvl.org,1,1
https://www.kyvl.org/,0,2
https://www.laanimalservices.com,1,1
https://www.laanimalservices.com/,0,2
https://www.labanquepostale.fr,1,1
https://www.labanquepostale.fr,0,2
https://www.lacclink.com,1,1
https://www.lacclink.com/,0,2
https://www.lacitycollege.edu,1,1
https://www.lacitycollege.edu/,0,2
https://www.lacma.org,1,1
https://www.lacma.org/,0,2
https://www.lacolombe.com,1,1
https://www.lacolombe.com/,0,2
https://www.lagaceta.com.ar,1,1
https://www.lagaceta.com.ar,0,2
http://www.laidojimopaslaugos.com,0,1
http://laidojimopaslaugos.com/,1,2
https://www.lakechamplainchocolates.com,1,1
https://www.lakechamplainchocolates.com/,0,2
https://www.lakemichigancollege.edu,1,1
https://www.lakemichigancollege.edu/,0,2
https://www.lampsplus.com,1,1
https://www.lampsplus.com/,0,2
https://www.landbank.com,1,1
https://www.landbank.com/,0,2
https://www.landsend.com,1,1
https://www.landsend.com/,0,2
https://www.lapatilla.com,1,1
https://www.lapatilla.com,0,2
https://www.lapl.org,1,1
https://www.lapl.org/,0,2
https://www.laposte.fr,1,1
https://www.laposte.fr,0,2
https://www.larousse.fr,1,1
https://www.larousse.fr,0,2
https://www.lasalle.edu.sg,1,1
https://www.lasalle.edu.sg/,0,2
https://www.lasc.edu,1,1
https://www.lasc.edu/,0,2
https://www.lasell.edu,1,1
https://www.lasell.edu/,0,2
https://www.latech.edu,1,1
https://www.latech.edu/,0,2
https://www.lauterbach.com,1,1
https://www.lauterbach.com/,0,2
https://www.law.berkeley.edu,1,1
https://www.law.berkeley.edu/,0,2
https://www.law.upenn.edu,1,1
https://www.law.upenn.edu/,0,2
https://www.laworks.net,1,1
https://www.laworks.net/,0,2
https://www.lazada.co.th,1,1
https://www.lazada.co.th,0,2
https://www.lcfc.com,1,1
https://www.lcfc.com/,0,2
https://www.ldc.upenn.edu,1,1
https://www.ldc.upenn.edu/,0,2
https://www.leaguelineup.com,1,1
http://www.leaguelineup.com,0,1
https://www.leaguelineup.com/,0,2
https://www.learn4good.com,1,1
https://www.learn4good.com/,0,2
https://www.learnmichif.com,1,1
https://www.learnmichif.com/,0,2
http://www.lecturehearball.com,0,1
http://lecturehearball.com/,1,2
https://www.legendary.com,1,1
https://www.legendary.com/,0,2
https://www.lemoyne.edu,1,1
https://www.lemoyne.edu/,0,2
https://www.lib.berkeley.edu,1,1
https://www.lib.berkeley.edu/,0,2
https://www.lib.uiowa.edu,1,1
https://www.lib.uiowa.edu/,0,2
https://www.lib.utexas.edu,1,1
https://www.lib.utexas.edu/,0,2
https://www.libero.it,1,1
https://www.libero.it,0,2
https://www.libertymedia.com,1,1
https://www.libertymedia.com/,0,2
https://www.library.uni.edu,1,1
https://www.library.uni.edu/,0,2
https://www.librarything.com,1,1
https://www.librarything.com/,0,2
https://www.life.edu,1,1
https://www.life.edu/,0,2
https://www.life.tw,1,1
https://www.life.tw,0,2
https://www.lifewire.com,1,1
https://www.lifewire.com,0,2
https://www.lighthousetrailsresearch.com,1,1
https://www.lighthousetrailsresearch.com/,0,2
https://www.lilytomlin.com,1,1
https://www.lilytomlin.com/,0,2
https://www.limamemorial.org,1,1
https://www.limamemorial.org/,0,2
https://www.limaohio.com,1,1
https://www.limaohio.com/,0,2
http://www.limelightimagecache.com,0,1
http://limelightimagecache.com/,1,2
https://www.lincoln.ac.nz,1,1
https://www.lincoln.ac.nz/,0,2
https://www.lincoln.com,1,1
https://www.lincoln.com/,0,2
https://www.lincolnu.edu,1,1
https://www.lincolnu.edu/,0,2
https://www.lindenwood.edu,1,1
https://www.lindenwood.edu/,0,2
https://www.linenhall.com,1,1
https://www.linenhall.com/,0,2
https://www.linguee.fr,1,1
https://www.linguee.fr,0,2
https://www.linkedin.com,1,1
https://www.linkedin.com,0,2
https://www.linternaute.com,1,1
https://www.linternaute.com,0,2
https://www.linux-laptop.net,1,1
https://www.linux-laptop.net/,0,2
https://www.lisa.nasa.gov,1,1
https://www.lisa.nasa.gov/,0,2
https://www.livedoor.com,1,1
https://www.livedoor.com,0,2
https://www.liveinternet.ru,1,1
https://www.liveinternet.ru,0,2
https://www.livenation.co.uk,1,1
https://www.livenation.co.uk/,0,2
https://www.livenationentertainment.com,1,1
https://www.livenationentertainment.com/,0,2
https://www.liverweb.org.uk,1,1
https://www.liverweb.org.uk/,0,2
https://www.livinginternet.com,1,1
https://www.livinginternet.com/,0,2
https://www.livinglegends.org.au,1,1
https://www.livinglegends.org.au/,0,2
https://www.livinglegendsmusic.com,1,1
https://www.livinglegendsmusic.com/,0,2
https://www.lmfdb.org,1,1
https://www.lmfdb.org/,0,2
https://www.lmnoeng.com,1,1
https://www.lmnoeng.com/,0,2
https://www.lmu.edu,1,1
https://www.lmu.edu/,0,2
http://www.locahost.com,0,1
http://locahost.com/,1,2
https://www.lockheedmartin.com,1,1
https://www.lockheedmartin.com/,0,2
https://www.logitech.com,1,1
https://www.logitech.com,0,2
https://www.londoneye.com,1,1
https://www.londoneye.com/,0,2
https://www.londonfa.com,1,1
https://www.londonfa.com/,0,2
https://www.londontown.com,1,1
https://www.londontown.com/,0,2
https://www.longandfoster.com,1,1
https://www.longandfoster.com/,0,2
https://www.longbranch.k12.nj.us,1,1
https://www.longbranch.k12.nj.us/,0,2
https://www.longbranchchamber.org,1,1
https://www.longbranchchamber.org/,0,2
https://www.lookfantastic.com,1,1
https://www.lookfantastic.com/,0,2
https://www.lords.org,1,1
https://www.lords.org/,0,2
https://www.lost-in-translation.com,1,1
https://www.lost-in-translation.com/,0,2
https://www.louisiana.gov,1,1
https://www.louisiana.gov/,0,2
https://www.louisianasportsman.com,1,1
https://www.louisianasportsman.com/,0,2
https://www.louisianatravel.com,1,1
https://www.louisianatravel.com/,0,2
https://www.louisvillerealtors.com,1,1
https://www.louisvillerealtors.com/,0,2
https://www.lowellma.gov,1,1
https://www.lowellma.gov/,0,2
https://www.lowellsun.com,1,1
https://www.lowellsun.com/,0,2
https://www.loyno.edu,1,1
https://www.loyno.edu/,0,2
https://www.loyola.ca,1,1
https://www.loyola.ca/,0,2
https://www.lsc.gov,1,1
https://www.lsc.gov/,0,2
https://www.lsu.edu,1,1
https://www.lsu.edu/,0,2
https://www.luc.edu,1,1
https://www.luc.edu/,0,2
https://www.lucasfilm.com,1,1
https://www.lucasfilm.com/,0,2
https://www.lutherburbanksavings.com,1,1
https://www.lutherburbanksavings.com/,0,2
https://www.lvlhs.org,1,1
https://www.lvlhs.org/,0,2
https://www.ma.utexas.edu,1,1
https://www.ma.utexas.edu/,0,2
https://www.macalester.edu,1,1
https://www.macalester.edu/,0,2
https://www.macmillandictionaryblog.com,1,1
https://www.macmillandictionaryblog.com/,0,2
https://www.macon.com,1,1
https://www.macon.com/,0,2
https://www.maconcountyga.gov,1,1
https://www.maconcountyga.gov/,0,2
https://www.made-in-china.com,1,1
https://www.made-in-china.com,0,2
https://www.made-in-italy.com,1,1
https://www.made-in-italy.com/,0,2
https://www.madridgalacticos.com,1,1
https://www.madridgalacticos.com/,0,2
https://www.madsci.org,1,1
https://www.madsci.org/,0,2
https://www.majorityleader.gov,1,1
https://www.majorityleader.gov/,0,2
https://www.makeuseof.com,1,1
https://www.makeuseof.com,0,2
https://www.makinggameofthrones.com,1,1
https://www.makinggameofthrones.com/,0,2
https://www.manoramaonline.com,1,1
https://www.manoramaonline.com,0,2
https://www.manoramaonline.com/,0,2
https://www.mansfield.edu,1,1
https://www.mansfield.edu/,0,2
https://www.manukau.ac.nz,1,1
https://www.manukau.ac.nz/,0,2
https://www.manyvids.com,1,1
https://www.manyvids.com,0,2
https://www.maps-of-mexico.com,1,1
https://www.maps-of-mexico.com/,0,2
https://www.marca.com,1,1
https://www.marca.com,0,2
https://www.margueritekaye.com,1,1
https://www.margueritekaye.com/,0,2
https://www.marriageequality.org,1,1
https://www.marriageequality.org/,0,2
https://www.marshall.org,1,1
https://www.marshall.org/,0,2
https://www.marshallfoundation.org,1,1
https://www.marshallfoundation.org/,0,2
http://www.mastconf.com,0,1
http://mastconf.com/,1,2
https://www.math.utah.edu,1,1
https://www.math.utah.edu/,0,2
https://www.mathoverflow.net,1,1
https://mathoverflow.net/,0,2
https://www.mathrubhumi.com,1,1
https://www.mathrubhumi.com,0,2
https://www.mathrubhumi.com/,0,2
https://www.mathworks.com,1,1
https://www.mathworks.com,0,2
https://www.matson.com,1,1
https://www.matson.com/,0,2
https://www.mattscdsingles.com,1,1
https://www.mattscdsingles.com/,0,2
https://www.maverickentertainment.cc,1,1
https://www.maverickentertainment.cc/,0,2
https://www.mayoclinic.org,1,1
https://www.mayoclinic.org,0,2
https://www.mbc.net,1,1
https://www.mbc.net,0,2
https://www.mcafee.com,1,1
https://www.mcafee.com,0,2
https://www.mcc.gov,1,1
https://www.mcc.gov/,0,2
https://www.mccombs.utexas.edu,1,1
https://www.mccombs.utexas.edu/,0,2
https://www.mcgill.ca,1,1
https://www.mcgill.ca/,0,2
https://www.mcgilltrack.com,1,1
https://www.mcgilltrack.com/,0,2
https://www.mcgilltribune.com,1,1
https://www.mcgilltribune.com/,0,2
https://www.mcny.org,1,1
https://www.mcny.org/,0,2
http://www.me.we11point.com,0,1
http://me.we11point.com/,1,2
http://www.mecacas.comli.com,0,1
http://mecacas.comli.com/,1,2
https://www.med.umich.edu,1,1
https://www.med.umich.edu/,0,2
https://www.med.upenn.edu,1,1
https://www.med.upenn.edu/,0,2
https://www.medieval-spell.com,1,1
https://www.medieval-spell.com/,0,2
https://www.medscape.com,1,1
https://www.medscape.com,0,2
https://www.megamillions.com,1,1
https://www.megamillions.com/,0,2
https://www.mehrnews.com,1,1
https://www.mehrnews.com,0,2
https://www.mercadolibre.com,1,1
https://www.mercadolibre.com,0,2
https://www.mercerpublishing.com,1,1
https://www.mercerpublishing.com/,0,2
https://www.merdeka.com,1,1
https://www.merdeka.com,0,2
https://www.merkle.com,1,1
https://www.merkle.com/,0,2
https://www.merriam-webster.com,1,1
https://www.merriam-webster.com,0,2
https://www.mesonet.agron.iastate.edu,1,1
https://www.mesonet.agron.iastate.edu/,0,2
https://www.messiah.edu,1,1
https://www.messiah.edu/,0,2
https://www.metacritic.com,1,1
https://www.metacritic.com,0,2
https://www.metalsucks.net,1,1
https://www.metalsucks.net/,0,2
https://www.metalsupermarkets.com,1,1
https://www.metalsupermarkets.com/,0,2
https://www.metric-conversions.org,1,1
https://www.metric-conversions.org,0,2
https://www.metro.net,1,1
https://www.metro.net/,0,2
https://www.metronews.com,1,1
https://www.metronews.com/,0,2
https://www.mexicomissouri.net,1,1
https://www.mexicomissouri.net/,0,2
https://www.michigandaily.com,1,1
https://www.michigandaily.com/,0,2
https://www.michiganradio.org,1,1
https://www.michiganradio.org/,0,2
https://www.mid-day.com,1,1
https://www.mid-day.com/,0,2
https://www.mightytext.net,1,1
https://www.mightytext.net,0,2
https://www.mikeruiz.com,1,1
https://www.mikeruiz.com/,0,2
https://www.milavia.net,1,1
https://www.milavia.net/,0,2
https://www.milibrary.org,1,1
https://www.milibrary.org/,0,2
https://www.millenniumhotels.com,1,1
https://www.millenniumhotels.com/,0,2
https://www.milligazette.com,1,1
https://www.milligazette.com/,0,2
https://www.mindtools.com,1,1
https://www.mindtools.com/,0,2
https://www.missamerica.org,1,1
https://www.missamerica.org/,0,2
https://www.missengland.info,1,1
https://www.missengland.info/,0,2
https://www.mit.edu,1,1
https://www.mit.edu,0,2
https://www.mizunousa.com,1,1
https://www.mizunousa.com/,0,2
https://www.mk.ru,1,1
https://www.mk.ru,0,2
https://www.mlcalc.com,1,1
https://www.mlcalc.com/,0,2
https://www.mlssoccer.com,1,1
https://www.mlssoccer.com/,0,2
https://www.mnd.uscourts.gov,1,1
https://www.mnd.uscourts.gov/,0,2
https://www.mnpower.com,1,1
https://www.mnpower.com/,0,2
https://www.mnsu.edu,1,1
https://www.mnsu.edu/,0,2
https://www.mobafire.com,1,1
https://www.mobafire.com,0,2
https://www.mobileactive.org,1,1
https://www.mobileactive.org/,0,2
https://www.mocities.com,1,1
https://www.mocities.com/,0,2
http://www.mod.gov.in,0,1
https://www.mod.gov.in,1,1
https://www.moddb.com,1,1
https://www.moddb.com,0,2
https://www.modot.org,1,1
https://www.modot.org/,0,2
http://www.mogyiii.netne.net,0,1
http://mogyiii.netne.net/,1,2
https://www.momandpopmusic.com,1,1
https://www.momandpopmusic.com/,0,2
https://www.monarchjointventure.org,1,1
https://www.monarchjointventure.org/,0,2
https://www.mondaq.com,1,1
https://www.mondaq.com/,0,2
https://www.moneycontrol.com,1,1
https://www.moneycontrol.com,0,2
https://www.mongoosepublishing.com,1,1
https://www.mongoosepublishing.com/,0,2
https://www.monica.com,1,1
https://www.monica.com/,0,2
http://www.montacarichi.it,0,1
http://montacarichi.it/,1,2
https://www.montrealalouettes.com,1,1
https://www.montrealalouettes.com/,0,2
https://www.montrealcathedral.ca,1,1
https://www.montrealcathedral.ca/,0,2
https://www.morainevalley.edu,1,1
https://www.morainevalley.edu/,0,2
https://www.morgan-properties.com,1,1
https://www.morgan-properties.com/,0,2
https://www.morgan.edu,1,1
https://www.morgan.edu/,0,2
https://www.morganstanley.com,1,1
https://www.morganstanley.com/,0,2
https://www.mortgagecalculator.org,1,1
https://www.mortgagecalculator.org/,0,2
https://www.motherboardpoint.com,1,1
https://www.motherboardpoint.com/,0,2
https://www.mountainproject.com,1,1
https://www.mountainproject.com/,0,2
https://www.movie-locations.com,1,1
https://www.movie-locations.com/,0,2
https://www.mozilla.org,1,1
https://www.mozilla.org,0,2
https://www.mpowers.com,1,1
https://www.mpowers.com/,0,2
http://www.msf-supernova.net78.net,0,1
http://msf-supernova.net78.net,1,2
http://www.msofficeupdates.com,0,1
http://msofficeupdates.com/,1,2
http://www.msoftonline.com,0,1
http://msoftonline.com/,1,2
https://www.msstate.edu,1,1
https://www.msstate.edu/,0,2
https://www.mtlebanon.org,1,1
https://www.mtlebanon.org/,0,2
https://www.mtroyal.ca,1,1
https://www.mtroyal.ca/,0,2
https://www.mtvindia.com,1,1
https://www.mtvindia.com/,0,2
https://www.mufg.jp,1,1
https://www.mufg.jp,0,2
https://www.mumsnet.com,1,1
https://www.mumsnet.com/,0,2
https://www.mundodeportivo.com,1,1
https://www.mundodeportivo.com,0,2
https://www.muse.ca,1,1
https://www.muse.ca/,0,2
https://www.music.iastate.edu,1,1
https://www.music.iastate.edu/,0,2
https://www.musiccenter.org,1,1
https://www.musiccenter.org/,0,2
https://www.musiciansfriend.com,1,1
https://www.musiciansfriend.com/,0,2
https://www.musicstack.com,1,1
https://www.musicstack.com/,0,2
https://www.musictherapy.org,1,1
https://www.musictherapy.org/,0,2
http://www.mx3.set121.com,0,1
http://mx3.set121.com/,1,2
https://www.myfloridacfo.com,1,1
https://www.myfloridacfo.com/,0,2
https://www.myfloridalegal.com,1,1
https://www.myfloridalegal.com/,0,2
http://www.myhr.we11point.com,0,1
http://myhr.we11point.com/,1,2
https://www.mymovies.it,1,1
https://www.mymovies.it,0,2
https://www.mynavi.jp,1,1
https://www.mynavi.jp,0,2
https://www.mynet.com,1,1
https://www.mynet.com,0,2
http://www.myrappid.com,0,1
http://myrappid.com/,1,2
http://www.myrappid.com/,1,2
https://www.mysql.com,1,1
https://www.mysql.com,0,2
http://mytheamsauthecent.wapgem.com/index/,0,1
http://mytheamsauthecent.wapgem.com/index,1,2
http://mytheamsauthecent.wapgem.com/index/,1,2
https://www.nakedcapitalism.com,1,1
https://www.nakedcapitalism.com/,0,2
https://www.napoleon-series.org,1,1
https://www.napoleon-series.org/,0,2
https://www.nasa.gov,1,1
https://www.nasa.gov,0,2
https://www.nate.com,1,1
https://www.nate.com,0,2
https://www.national.co.uk,1,1
https://www.national.co.uk/,0,2
https://www.nationalbook.org,1,1
https://www.nationalbook.org/,0,2
https://www.nationaltheatre.org,1,1
https://www.nationaltheatre.org/,0,2
https://www.nationwide.com,1,1
https://www.nationwide.com/,0,2
http://www.natoint.com,0,1
http://natoint.com/,1,2
http://www.natoint.com/,1,2
https://www.natoonline.org,1,1
https://www.natoonline.org/,0,2
http://www.natopress.com,0,1
http://natopress.com/,1,2
https://www.naturalhistory.uga.edu,1,1
https://www.naturalhistory.uga.edu/,0,2
https://www.naturalhistorymag.com,1,1
https://www.naturalhistorymag.com/,0,2
https://www.naturalis.nl,1,1
https://www.naturalis.nl/,0,2
https://www.naver.com,1,1
https://www.naver.com,0,2
https://www.navyfederal.org,1,1
https://www.navyfederal.org,0,2
https://www.navyfederal.org/,0,2
https://www.nbcsports.com,1,1
https://www.nbcsports.com,0,2
https://www.ncagr.gov,1,1
https://www.ncagr.gov/,0,2
https://www.ncronline.org,1,1
https://www.ncronline.org/,0,2
https://www.nd.gov,1,1
https://www.nd.gov/,0,2
https://www.ndawn.ndsu.nodak.edu,1,1
https://www.ndawn.ndsu.nodak.edu/,0,2
https://www.ndp.ca,1,1
https://www.ndp.ca/,0,2
https://www.ndtv.com,1,1
https://www.ndtv.com,0,2
https://www.nebrwesleyan.edu,1,1
https://www.nebrwesleyan.edu/,0,2
https://www.nes.com,1,1
https://www.nes.com/,0,2
https://www.nesl.edu,1,1
https://www.nesl.edu/,0,2
http://www.netassistcache.com,0,1
http://netassistcache.com/,1,2
https://www.neurotrecordings.com,1,1
https://www.neurotrecordings.com/,0,2
https://www.newberry.org,1,1
https://www.newberry.org/,0,2
https://www.newdramatists.org,1,1
https://www.newdramatists.org/,0,2
https://www.newfaces.com,1,1
https://www.newfaces.com/,0,2
https://www.newhaven.edu,1,1
https://www.newhaven.edu/,0,2
https://www.newhavenindependent.org,1,1
https://www.newhavenindependent.org/,0,2
https://www.newmexico.org,1,1
https://www.newmexico.org/,0,2
https://www.newportmansions.org,1,1
https://www.newportmansions.org/,0,2
http://www.news.net-freaks.com,0,1
http://news.net-freaks.com/,1,2
https://www.newschool.edu,1,1
https://www.newschool.edu/,0,2
http://www.newsnstat.com,0,1
http://www.newsnstat.com,1,2
https://www.newsx.com,1,1
https://www.newsx.com/,0,2
https://www.newyorkfestivals.com,1,1
https://www.newyorkfestivals.com/,0,2
https://www.nexusmods.com,1,1
https://www.nexusmods.com,0,2
https://www.nfb.ca,1,1
https://www.nfb.ca/,0,2
https://www.nhm-wien.ac.at,1,1
https://www.nhm-wien.ac.at/,0,2
https://www.nhm.ac.uk,1,1
https://www.nhm.ac.uk/,0,2
https://www.nhregister.com,1,1
https://www.nhregister.com/,0,2
https://www.nibs.com,1,1
https://www.nibs.com/,0,2
https://www.nicee.org,1,1
https://www.nicee.org/,0,2
https://www.nicovideo.jp,1,1
https://www.nicovideo.jp,0,2
https://www.nigeriafilms.com,1,1
https://www.nigeriafilms.com/,0,2
https://www.nih.gov,1,1
https://www.nih.gov,0,2
https://www.nihonsun.com,1,1
https://www.nihonsun.com/,0,2
https://www.nikkansports.com,1,1
https://www.nikkansports.com,0,2
https://www.nikkeibp.co.jp,1,1
https://www.nikkeibp.co.jp,0,2
https://www.nilslofgren.com,1,1
https://www.nilslofgren.com/,0,2
https://www.nipic.com,1,1
https://www.nipic.com,0,2
https://www.nisra.gov.uk,1,1
https://www.nisra.gov.uk/,0,2
https://www.nissanusa.com,1,1
https://www.nissanusa.com/,0,2
https://www.nist.time.gov,1,1
https://www.nist.time.gov/,0,2
https://www.njpac.org,1,1
https://www.njpac.org/,0,2
https://www.njpalisades.org,1,1
https://www.njpalisades.org/,0,2
https://www.nku.edu,1,1
https://www.nku.edu/,0,2
https://www.nlm.nih.gov,1,1
https://www.nlm.nih.gov/,0,2
https://www.nme.com,1,1
https://www.nme.com/,0,2
https://www.nmhu.edu,1,1
https://www.nmhu.edu/,0,2
https://www.nmsu.edu,1,1
https://www.nmsu.edu/,0,2
http://www.nnpstv.com,0,1
https://www.nnpstv.com,1,1
http://www.no-ads.net16.net,0,1
http://no-ads.net16.net/,1,2
https://www.noaa.gov,1,1
https://www.noaa.gov,0,2
http://www.noip.com,0,1
https://www.noip.com,1,1
https://www.nojazzfest.com,1,1
https://www.nojazzfest.com/,0,2
https://www.normanloveconfections.com,1,1
https://www.normanloveconfections.com/,0,2
https://www.northcarolina.edu,1,1
https://www.northcarolina.edu/,0,2
https://www.northernireland.gov.uk,1,1
https://www.northernireland.gov.uk/,0,2
https://www.northwestern.edu,1,1
https://www.northwestern.edu/,0,2
https://www.nownews.com,1,1
https://www.nownews.com,0,2
https://www.nowrunning.com,1,1
https://www.nowrunning.com/,0,2
https://www.npr.org,1,1
https://www.npr.org,0,2
https://www.nrc.gov,1,1
https://www.nrc.gov/,0,2
https://www.nrk.no,1,1
https://www.nrk.no,0,2
https://www.nrm.se,1,1
https://www.nrm.se/,0,2
https://www.nslcity.org,1,1
https://www.nslcity.org/,0,2
http://www.nsupdate.info,0,1
https://www.nsupdate.info,1,1
https://www.nteinc.com,1,1
https://www.nteinc.com/,0,2
https://www.ntpc.com,1,1
https://www.ntpc.com/,0,2
https://www.nujournal.com,1,1
https://www.nujournal.com/,0,2
https://www.nunesmagician.com,1,1
https://www.nunesmagician.com/,0,2
https://www.nur.kz,1,1
https://www.nur.kz,0,2
https://www.nwmissouri.edu,1,1
https://www.nwmissouri.edu/,0,2
https://www.nybooks.com,1,1
https://www.nybooks.com/,0,2
https://www.nyc.com,1,1
https://www.nyc.com/,0,2
https://www.nycgo.com,1,1
https://www.nycgo.com/,0,2
https://www.nycitycenter.org,1,1
https://www.nycitycenter.org/,0,2
https://www.nyu.edu,1,1
https://www.nyu.edu,0,2
https://www.nyu.edu/,0,2
https://www.oag.ca.gov,1,1
https://www.oag.ca.gov/,0,2
http://www.oak-tureght.ru,0,1
http://Oak-tureght.ru/,1,2
https://www.oakdiocese.org,1,1
https://www.oakdiocese.org/,0,2
https://www.oakland.edu,1,1
https://www.oakland.edu/,0,2
https://www.oakland.k12.mi.us,1,1
https://www.oakland.k12.mi.us/,0,2
https://www.oaklandairport.com,1,1
https://www.oaklandairport.com/,0,2
https://www.oaklawn.com,1,1
https://www.oaklawn.com/,0,2
https://www.oasisuk.org,1,1
https://www.oasisuk.org/,0,2
https://www.octave.org,1,1
https://www.octave.org/,0,2
https://www.oddmusic.com,1,1
https://www.oddmusic.com/,0,2
https://www.offgamers.com,1,1
https://www.offgamers.com/,0,2
https://www.office.com,1,1
https://www.office.com,0,2
https://www.office.com/,0,2
https://www.ohio.honda.com,1,1
https://www.ohio.honda.com/,0,2
https://www.ohiochristian.edu,1,1
https://www.ohiochristian.edu/,0,2
https://www.ohiodominican.edu,1,1
https://www.ohiodominican.edu/,0,2
https://www.ohiohistory.org,1,1
https://www.ohiohistory.org/,0,2
https://www.ohioturnpike.org,1,1
https://www.ohioturnpike.org/,0,2
https://www.okcastle.com,1,1
https://okcastle.com/,0,2
https://www.oldmodelkits.com,1,1
https://www.oldmodelkits.com/,0,2
https://www.olemissalumni.com,1,1
https://www.olemissalumni.com/,0,2
https://www.olx.pl,1,1
https://www.olx.pl,0,2
https://www.olx.ro,1,1
https://www.olx.ro,0,2
https://www.olympic-museum.de,1,1
https://olympic-museum.de/,0,2
https://www.omd.com,1,1
https://www.omd.com/,0,2
https://www.oneindia.com,1,1
https://www.oneindia.com,0,2
https://www.onelogin.com,1,1
https://www.onelogin.com,0,2
https://www.onesongneedlearts.com,1,1
https://www.onesongneedlearts.com/,0,2
https://www.online-convert.com,1,1
https://www.online-convert.com,0,2
https://www.onlinekhabar.com,1,1
https://www.onlinekhabar.com,0,2
https://www.opcw.org,1,1
https://www.opcw.org/,0,2
https://www.opeiu.org,1,1
https://www.opeiu.org/,0,2
https://www.opel.com,1,1
https://www.opel.com/,0,2
https://www.orf.at,1,1
https://www.orf.at,0,2
https://www.organicconsumers.org,1,1
https://www.organicconsumers.org/,0,2
https://www.organicjewelry.com,1,1
https://www.organicjewelry.com/,0,2
https://www.orionrobots.co.uk,1,1
https://orionrobots.co.uk/,0,2
https://www.oschina.net,1,1
https://www.oschina.net,0,2
https://www.oskarblues.com,1,1
https://www.oskarblues.com/,0,2
https://www.osti.gov,1,1
https://www.osti.gov/,0,2
http://www.ostwaltsonsite.com/wp-content/uploads/dsk/user/account/,0,1
http://ostwaltsonsite.com/wp-content/uploads/dsk/user/account/,0,1
https://www.ostwaltsonsite.com/wp-content/uploads/dsk/user/account/,1,2
https://www.oth-music.com,1,1
https://www.oth-music.com/,0,2
https://www.otto.de,1,1
https://www.otto.de,0,2
https://www.ou.edu,1,1
https://www.ou.edu/,0,2
https://www.ouidad.com,1,1
https://www.ouidad.com/,0,2
https://www.ourmidland.com,1,1
https://www.ourmidland.com/,0,2
https://www.over-blog.com,1,1
https://www.over-blog.com,0,2
https://www.ozbargain.com.au,1,1
https://www.ozbargain.com.au,0,2
https://www.pacebus.com,1,1
https://www.pacebus.com/,0,2
https://www.pacificmedia.org,1,1
https://www.pacificmedia.org/,0,2
https://www.pagat.com,1,1
https://www.pagat.com/,0,2
https://www.pakistanlink.org,1,1
https://www.pakistanlink.org/,0,2
https://www.palaisdesthes.com,1,1
https://www.palaisdesthes.com/,0,2
https://www.paperage.com,1,1
https://www.paperage.com/,0,2
https://www.paperonweb.com,1,1
https://www.paperonweb.com/,0,2
https://www.parallels.com,1,1
https://www.parallels.com/,0,2
https://www.parentstv.org,1,1
https://www.parentstv.org/,0,2
https://www.parisperfect.com,1,1
https://www.parisperfect.com/,0,2
https://www.parispi.net,1,1
https://www.parispi.net/,0,2
https://www.parks.wa.gov,1,1
https://www.parks.wa.gov/,0,2
https://www.pathofexile.com,1,1
https://www.pathofexile.com,0,2
https://www.pcmag.com,1,1
https://www.pcmag.com,0,2
https://www.pcs.org.uk,1,1
https://www.pcs.org.uk/,0,2
https://www.pcworld.com,1,1
https://www.pcworld.com,0,2
https://www.peabodymemphis.com,1,1
https://www.peabodymemphis.com/,0,2
https://www.pearltrees.com,1,1
https://www.pearltrees.com/,0,2
https://www.peoplesrepublicofcork.com,1,1
https://www.peoplesrepublicofcork.com/,0,2
https://www.perthstjohnstonefc.co.uk,1,1
https://www.perthstjohnstonefc.co.uk/,0,2
https://www.pftac.org,1,1
https://www.pftac.org/,0,2
https://www.philadelphiaunion.com,1,1
https://www.philadelphiaunion.com/,0,2
https://www.philadelphiazoo.org,1,1
https://www.philadelphiazoo.org/,0,2
https://www.philippes.com,1,1
https://www.philippes.com/,0,2
https://www.php.net,1,1
https://www.php.net,0,2
https://www.physics.mcgill.ca,1,1
https://www.physics.mcgill.ca/,0,2
https://www.physicsforums.com,1,1
https://www.physicsforums.com/,0,2
https://www.physlink.com,1,1
https://www.physlink.com/,0,2
https://www.piccadillyrecords.com,1,1
https://www.piccadillyrecords.com/,0,2
https://www.pick-up-artist-forum.com,1,1
https://www.pick-up-artist-forum.com/,0,2
https://www.pikeplacefish.com,1,1
https://www.pikeplacefish.com/,0,2
https://www.piliapp.com,1,1
https://www.piliapp.com,0,2
https://www.pioneerdrama.com,1,1
https://www.pioneerdrama.com/,0,2
https://www.pixeljam.com,1,1
https://www.pixeljam.com/,0,2
https://www.placer.ca.gov,1,1
https://www.placer.ca.gov/,0,2
https://www.plattecountycitizen.com,1,1
https://www.plattecountycitizen.com/,0,2
https://www.playbill.com,1,1
https://www.playbill.com/,0,2
https://www.plex.tv,1,1
https://www.plex.tv,0,2
https://www.pmpress.org,1,1
https://www.pmpress.org/,0,2
https://www.pnb.com.ph,1,1
https://www.pnb.com.ph/,0,2
https://www.poetryfoundation.org,1,1
https://www.poetryfoundation.org/,0,2
https://www.poetrysoup.com,1,1
https://www.poetrysoup.com/,0,2
https://www.politico.com,1,1
https://www.politico.com,0,2
https://www.polygon.com,1,1
https://www.polygon.com,0,2
https://www.portoflosangeles.org,1,1
https://www.portoflosangeles.org/,0,2
https://www.portseattle.org,1,1
https://www.portseattle.org/,0,2
https://www.porttheatre.com,1,1
https://www.porttheatre.com/,0,2
https://www.poste.it,1,1
https://www.poste.it,0,2
https://www.powells.com,1,1
https://www.powells.com/,0,2
https://www.ppomppu.co.kr,1,1
https://www.ppomppu.co.kr,0,2
https://www.premierleague.com,1,1
https://www.premierleague.com,0,2
https://www.premierleague.com/,0,2
https://www.presidentsmedals.com,1,1
https://www.presidentsmedals.com/,0,2
https://www.pressreporter.com,1,1
https://www.pressreporter.com/,0,2
https://www.prideofdetroit.com,1,1
https://www.prideofdetroit.com/,0,2
https://www.primeinc.com,1,1
https://www.primeinc.com/,0,2
https://www.princetonreview.com,1,1
https://www.princetonreview.com/,0,2
https://www.privateinternetaccess.com,1,1
http://www.privateinternetaccess.com,0,1
https://www.prohaircut.com,1,1
https://www.prohaircut.com/,0,2
https://www.psu.edu,1,1
https://www.psu.edu,0,2
https://www.psu.edu/,0,2
https://www.public-health.uiowa.edu,1,1
https://www.public-health.uiowa.edu/,0,2
https://www.purdue.edu,1,1
https://www.purdue.edu,0,2
http://www.putamierda.1eko.com,0,1
http://putamierda.1eko.com/,1,2
https://www.python.org,1,1
https://www.python.org,0,2
https://www.qingdaonews.com,1,1
https://www.qingdaonews.com,0,2
https://www.qualtrics.com,1,1
https://www.qualtrics.com,0,2
https://www.quango.com,1,1
https://www.quango.com/,0,2
https://www.quincyjones.com,1,1
https://www.quincyjones.com/,0,2
https://www.radioattic.com,1,1
https://www.radioattic.com/,0,2
https://www.rafmuseum.org.uk,1,1
https://www.rafmuseum.org.uk/,0,2
https://www.rainmakers.com,1,1
https://www.rainmakers.com/,0,2
https://www.rakuten-card.co.jp,1,1
https://www.rakuten-card.co.jp,0,2
https://www.rakuten.co.jp,1,1
https://www.rakuten.co.jp,0,2
http://www.ralrab.com,0,1
http://ralrab.com/,1,2
http://www.ralrab.com/,1,2
https://www.ramapo.edu,1,1
https://www.ramapo.edu/,0,2
https://www.rasputinmusic.com,1,1
https://www.rasputinmusic.com/,0,2
https://www.ratnasagarjewels.com,1,1
https://www.ratnasagarjewels.com/,0,2
http://www.raveston.com,0,1
http://raveston.com/,1,2
https://www.rbc.ru,1,1
https://www.rbc.ru,0,2
http://rbcmontgomery.com/wp-admin/js/widgets/pdf,0,1
http://rbcmontgomery.com/wp-admin/js/widgets/pdf/,0,1
http://rbcmontgomery.com/wp-admin/js/widgets/PDF,1,2
http://rbcmontgomery.com/wp-admin/js/widgets/PDF/,1,2
https://www.rc.fas.harvard.edu,1,1
https://www.rc.fas.harvard.edu/,0,2
https://www.rdanderson.com,1,1
https://www.rdanderson.com/,0,2
https://www.real.com,1,1
https://www.real.com/,0,2
https://redbysfrgroupebox.myfreesites.net/,0,1
https://redbysfrgroupebox.myfreesites.net/,1,2
https://www.redcross.org,1,1
https://www.redcross.org/,0,2
https://www.rediff.com,1,1
https://www.rediff.com,0,2
https://www.redlands.edu,1,1
https://www.redlands.edu/,0,2
https://www.reed.co.uk,1,1
https://www.reed.co.uk/,0,2
https://www.reed.edu,1,1
https://www.reed.edu/,0,2
https://www.reed.senate.gov,1,1
https://www.reed.senate.gov/,0,2
https://www.reggae-reviews.com,1,1
https://www.reggae-reviews.com/,0,2
https://www.reidgsmith.com,1,1
https://www.reidgsmith.com/,0,2
http://repl-mess.myfreesites.net/,0,1
http://repl-mess.myfreesites.net/,0,1
http://repl-mess.myfreesites.net/,1,2
https://www.repubblica.it,1,1
https://www.repubblica.it,0,2
https://www.republika.co.id,1,1
https://www.republika.co.id,0,2
https://www.resolutefp.com,1,1
https://www.resolutefp.com/,0,2
https://www.retailcouncil.org,1,1
https://www.retailcouncil.org/,0,2
https://www.retrothing.com,1,1
https://www.retrothing.com/,0,2
https://www.revolutiontea.com,1,1
https://revolutiontea.com/,0,2
https://www.rferl.org,1,1
https://www.rferl.org/,0,2
https://www.rfreitas.com,1,1
https://www.rfreitas.com/,0,2
https://www.rhythm-n-blues.org,1,1
https://www.rhythm-n-blues.org/,0,2
http://www.riaru.net,0,1
http://www.riaru.net/,1,2
https://www.ricardocuisine.com,1,1
https://www.ricardocuisine.com/,0,2
https://www.rice.edu,1,1
https://www.rice.edu/,0,2
https://www.riderta.com,1,1
https://www.riderta.com/,0,2
https://www.rightmove.co.uk,1,1
https://www.rightmove.co.uk,0,2
https://www.ringpower.com,1,1
https://www.ringpower.com/,0,2
https://www.riotinto.com,1,1
https://www.riotinto.com/,0,2
https://www.robertplant.com,1,1
https://www.robertplant.com/,0,2
https://www.roblox.com,1,1
https://www.roblox.com,0,2
https://www.robtwilliamsstudio.com,1,1
https://www.robtwilliamsstudio.com/,0,2
https://www.rockmnation.com,1,1
https://www.rockmnation.com/,0,2
https://www.roerich.org,1,1
https://www.roerich.org/,0,2
http://www.rogruz.su,0,1
http://rogruz.su/,1,2
http://rogruz.su,1,2
https://www.rohpress.com,1,1
https://www.rohpress.com/,0,2
https://www.rosegal.com,1,1
https://www.rosegal.com,0,2
http://www.rosgaz.pw,0,1
http://rosgaz.pw/,1,2
https://www.rottentomatoes.com,1,1
https://www.rottentomatoes.com,0,2
https://www.royalsreview.com,1,1
https://www.royalsreview.com/,0,2
https://www.royalwarrant.org,1,1
https://www.royalwarrant.org/,0,2
https://www.rpc.senate.gov,1,1
https://www.rpc.senate.gov/,0,2
https://www.rsb.qc.ca,1,1
https://www.rsb.qc.ca/,0,2
https://www.rt.com,1,1
https://www.rt.com,0,2
https://www.rtve.es,1,1
https://www.rtve.es,0,2
https://www.rush.com,1,1
https://www.rush.com/,0,2
https://www.ruten.com.tw,1,1
https://www.ruten.com.tw,0,2
https://www.rutgers.edu,1,1
https://www.rutgers.edu/,0,2
https://www.rvcj.com,1,1
https://www.rvcj.com,0,2
https://www.sa-venues.com,1,1
https://www.sa-venues.com/,0,2
https://www.saab.com,1,1
https://www.saab.com/,0,2
https://www.sabah.com.tr,1,1
https://www.sabah.com.tr,0,2
https://www.sacnas.org,1,1
https://www.sacnas.org/,0,2
https://www.sacredheart.edu,1,1
https://www.sacredheart.edu/,0,2
https://www.sactownroyalty.com,1,1
https://www.sactownroyalty.com/,0,2
https://www.sae.org,1,1
https://www.sae.org/,0,2
https://www.safa.net,1,1
https://www.safa.net/,0,2
https://www.safeway.com,1,1
https://www.safeway.com/,0,2
https://www.saintpatrickscathedral.org,1,1
https://www.saintpatrickscathedral.org/,0,2
https://www.salenalettera.com,1,1
https://www.salenalettera.com/,0,2
https://www.salisburycathedral.org.uk,1,1
https://www.salisburycathedral.org.uk/,0,2
https://www.salisburyct.us,1,1
https://www.salisburyct.us/,0,2
https://www.samrobertsband.com,1,1
https://www.samrobertsband.com/,0,2
https://www.sanantonio.gov,1,1
https://www.sanantonio.gov/,0,2
https://www.sandiego.edu,1,1
https://www.sandiego.edu/,0,2
https://www.sandiego.gov,1,1
https://www.sandiego.gov/,0,2
https://www.sappi.com,1,1
https://www.sappi.com/,0,2
https://www.sbnation.com,1,1
https://www.sbnation.com,0,2
https://www.scene4.com,1,1
https://www.scene4.com/,0,2
https://www.scenemagazine.com.au,1,1
https://www.scenemagazine.com.au/,0,2
https://www.scgsgenealogy.com,1,1
https://www.scgsgenealogy.com/,0,2
https://www.scholarshipsinindia.com,1,1
https://www.scholarshipsinindia.com/,0,2
https://www.schumer.senate.gov,1,1
https://www.schumer.senate.gov/,0,2
https://www.schwab.com,1,1
https://www.schwab.com,0,2
https://www.scol.com.cn,1,1
https://www.scol.com.cn,0,2
https://www.scottbrand.com,1,1
https://www.scottbrand.com/,0,2
https://www.scottishfa.co.uk,1,1
https://www.scottishfa.co.uk/,0,2
https://www.scrippscollege.edu,1,1
https://www.scrippscollege.edu/,0,2
https://www.scuhs.edu,1,1
https://www.scuhs.edu/,0,2
https://www.sdnhm.org,1,1
https://www.sdnhm.org/,0,2
https://www.seahawks.com,1,1
https://www.seahawks.com/,0,2
https://www.searchenginewatch.com,1,1
https://searchenginewatch.com/,0,2
https://www.seatguru.com,1,1
https://www.seatguru.com/,0,2
https://www.seattleartmuseum.org,1,1
https://www.seattleartmuseum.org/,0,2
https://www.seattlepi.com,1,1
https://www.seattlepi.com/,0,2
https://www.seattlerep.org,1,1
https://www.seattlerep.org/,0,2
https://www.seattleu.edu,1,1
https://www.seattleu.edu/,0,2
https://www.secondcity.com,1,1
https://www.secondcity.com/,0,2
https://www.secretservice.gov,1,1
https://www.secretservice.gov/,0,2
https://www.sees.com,1,1
https://www.sees.com/,0,2
https://www.segalcentre.org,1,1
https://www.segalcentre.org/,0,2
https://www.seiu.org,1,1
https://www.seiu.org/,0,2
http://www.sempoi02.com,0,1
http://sempoi02.com/,1,2
https://www.senate.ca.gov,1,1
https://www.senate.ca.gov/,0,2
https://www.senate.gov,1,1
https://www.senate.gov/,0,2
https://www.serialkillercalendar.com,1,1
https://www.serialkillercalendar.com/,0,2
https://www.seriouseats.com,1,1
https://www.seriouseats.com,0,2
http://sertyxese.myfreesites.net/,0,1
http://sertyxese.myfreesites.net/,1,2
https://www.sescoops.com,1,1
https://www.sescoops.com/,0,2
http://www.set121.com,0,1
http://set121.com/,1,2
https://www.setindia.com,1,1
https://www.setindia.com/,0,2
https://www.setn.com,1,1
https://www.setn.com,0,2
http://www.sever1.webs.pm,0,1
http://sever1.webs.pm/,1,2
http://www.sexobazaar.com,0,1
https://www.sexobazaar.com,1,1
http://www.sexyoilwrestling.com,0,1
http://sexyoilwrestling.com,1,2
https://www.sfgate.com,1,1
https://www.sfgate.com,0,2
https://www.sfgate.com/,0,2
https://www.sfmuseum.org,1,1
https://www.sfmuseum.org/,0,2
https://www.sfoutsidelands.com,1,1
https://www.sfoutsidelands.com/,0,2
https://www.sfr.fr,1,1
https://www.sfr.fr,0,2
https://www.sfwa.org,1,1
https://www.sfwa.org/,0,2
https://www.sharenews.com,1,1
https://www.sharenews.com/,0,2
https://www.shell.ca,1,1
https://www.shell.ca/,0,2
https://www.shell.co.uk,1,1
https://www.shell.co.uk/,0,2
https://www.shell.com,1,1
https://www.shell.com/,0,2
https://www.sheppardsoftware.com,1,1
https://www.sheppardsoftware.com/,0,2
https://www.sherdog.com,1,1
https://www.sherdog.com/,0,2
https://www.sherwoodforestfaire.com,1,1
https://www.sherwoodforestfaire.com/,0,2
https://www.ship.edu,1,1
https://www.ship.edu/,0,2
https://www.showbusinessweekly.com,1,1
https://www.showbusinessweekly.com/,0,2
http://www.shurl.biz,0,1
http://shurl.biz/,1,2
https://www.sidereel.com,1,1
https://www.sidereel.com/,0,2
https://www.silentera.com,1,1
https://www.silentera.com/,0,2
https://www.silentfilmchicago.com,1,1
https://www.silentfilmchicago.com/,0,2
https://www.silverdollarcity.com,1,1
https://www.silverdollarcity.com/,0,2
https://www.singup.org,1,1
https://www.singup.org/,0,2
https://www.sirviper.com,1,1
https://www.sirviper.com/,0,2
https://www.sitasingstheblues.com,1,1
https://www.sitasingstheblues.com/,0,2
http://site9423623.92.webydo.com/,0,1
http://site9423623.92.webydo.com/,1,2
http://site9423773.92.webydo.com/,0,1
http://site9423773.92.webydo.com/,1,2
https://sites.google.com/site/libretyreserve,0,1
http://sites.google.com/site/libretyreserve,0,1
http://sites.google.com/site/libretyreserve,1,2
http://sites.google.com/site/libretyreserve/,1,2
https://sites.google.com/site/libretyreserve/,1,2
https://www.sjtu.edu.cn,1,1
https://www.sjtu.edu.cn,0,2
https://www.skepticsannotatedbible.com,1,1
https://www.skepticsannotatedbible.com/,0,2
https://www.sketchup.com,1,1
https://www.sketchup.com,0,2
https://www.skysports.com,1,1
https://www.skysports.com,0,2
https://www.skytrans.com.au,1,1
https://www.skytrans.com.au/,0,2
https://www.slashfilm.com,1,1
https://www.slashfilm.com/,0,2
https://www.slideshare.net,1,1
https://www.slideshare.net,0,2
https://www.smallflower.com,1,1
https://www.smallflower.com/,0,2
https://www.smith.edu,1,1
https://www.smith.edu/,0,2
http://www.smkybnt.xyz,0,1
http://smkybnt.xyz,1,2
http://smsenligne.myfreesites.net/,0,1
http://smsenligne.myfreesites.net/,0,1
http://www.smsenligne.myfreesites.net,0,1
http://smsenligne.myfreesites.net/,1,2
http://smsorangesmsmessage.myfreesites.net/,0,1
https://smsorangesmsmessage.myfreesites.net/,0,1
https://smsorangesmsmessage.myfreesites.net/,1,2
http://smsorangesmsmessage.myfreesites.net/,1,2
https://www.smsu.edu,1,1
https://www.smsu.edu/,0,2
https://www.snapdeal.com,1,1
https://www.snapdeal.com,0,2
https://www.sncorp.com,1,1
https://www.sncorp.com/,0,2
https://www.so-net.ne.jp,1,1
https://www.so-net.ne.jp,0,2
https://www.soccer-spain.com,1,1
https://www.soccer-spain.com/,0,2
https://www.soccermanager.com,1,1
https://www.soccermanager.com/,0,2
https://www.softball.org.nz,1,1
https://www.softball.org.nz/,0,2
https://www.sony.net,1,1
https://www.sony.net/,0,2
https://www.sonycreativesoftware.com,1,1
https://www.sonycreativesoftware.com/,0,2
https://www.sonymusic.com,1,1
https://www.sonymusic.com/,0,2
https://www.sonypictures.net,1,1
https://www.sonypictures.net/,0,2
https://www.soonerstats.com,1,1
https://www.soonerstats.com/,0,2
http://souaxwaoh.myfreesites.net/,0,1
https://souaxwaoh.myfreesites.net/,0,1
https://souaxwaoh.myfreesites.net/,1,2
http://souaxwaoh.myfreesites.net/,1,2
https://www.soulandfunkmusic.com,1,1
https://www.soulandfunkmusic.com/,0,2
https://www.soultracks.com,1,1
https://www.soultracks.com/,0,2
https://www.soundtrackcollector.com,1,1
https://www.soundtrackcollector.com/,0,2
https://www.southerncompany.com,1,1
https://www.southerncompany.com/,0,2
https://www.spacesector.com,1,1
https://www.spacesector.com/,0,2
https://www.speedtest.net,1,1
https://www.speedtest.net,0,2
https://www.spiegel.de,1,1
https://www.spiegel.de,0,2
https://www.sporcle.com,1,1
https://www.sporcle.com,0,2
https://www.sportengland.org,1,1
https://www.sportengland.org/,0,2
https://www.sporx.com,1,1
https://www.sporx.com,0,2
https://www.spscommerce.com,1,1
https://www.spscommerce.com/,0,2
https://www.squarespace.com,1,1
https://www.squarespace.com,0,2
https://www.srfestival.com,1,1
https://srfestival.com/,0,2
https://www.sri.com,1,1
https://www.sri.com/,0,2
https://www.ssjeremiahobrien.org,1,1
https://www.ssjeremiahobrien.org/,0,2
https://www.ssr-inc.com,1,1
https://www.ssr-inc.com/,0,2
https://www.stackexchange.com,1,1
https://www.stackexchange.com,0,2
https://www.stackoverflow.com,1,1
https://www.stackoverflow.com,0,2
https://stackoverflow.com/,0,2
https://www.stadiumsofprofootball.com,1,1
https://www.stadiumsofprofootball.com/,0,2
https://www.standard-journal.com,1,1
https://www.standard-journal.com/,0,2
https://www.standardbank.com,1,1
https://www.standardbank.com/,0,2
https://www.standardmedia.co.ke,1,1
https://www.standardmedia.co.ke,0,2
https://www.star.com.tr,1,1
https://www.star.com.tr,0,2
http://starttsboxfile.myfreesites.net/,0,1
http://starttsboxfile.myfreesites.net/,1,2
https://www.stashtea.com,1,1
https://www.stashtea.com/,0,2
https://www.state.gov,1,1
https://www.state.gov,0,2
https://www.state.gov/,0,2
https://www.state.nj.us,1,1
https://www.state.nj.us/,0,2
https://www.stats.indiana.edu,1,1
https://www.stats.indiana.edu/,0,2
https://www.staypoland.com,1,1
https://www.staypoland.com/,0,2
https://www.stcoleman.org,1,1
https://www.stcoleman.org/,0,2
https://www.steel.org,1,1
https://www.steel.org/,0,2
https://www.stocktickercompany.com,1,1
https://www.stocktickercompany.com/,0,2
https://www.storm.mg,1,1
https://www.storm.mg,0,2
https://www.stpaul.gov,1,1
https://www.stpaul.gov/,0,2
https://www.strangemusicinc.net,1,1
https://www.strangemusicinc.net/,0,2
https://www.strategy-business.com,1,1
https://www.strategy-business.com/,0,2
https://www.strava.com,1,1
https://www.strava.com,0,2
https://www.ststephencatholic.org,1,1
https://www.ststephencatholic.org/,0,2
https://www.studyrussian.com,1,1
https://www.studyrussian.com/,0,2
https://www.suara.com,1,1
https://www.suara.com,0,2
https://www.subpop.com,1,1
https://www.subpop.com/,0,2
https://www.suburbannoizerecords.com,1,1
https://www.suburbannoizerecords.com/,0,2
https://www.sueddeutsche.de,1,1
https://www.sueddeutsche.de,0,2
http://suelunn.com/aut.php,0,1
http://suelunn.com/aut.php,1,2
https://www.summary.com,1,1
https://www.summary.com/,0,2
https://www.sunline.org,1,1
https://www.sunline.org/,0,2
https://www.suntran.com,1,1
https://www.suntran.com/,0,2
https://www.superuser.com,1,1
https://www.superuser.com,0,2
https://www.suu.edu,1,1
https://www.suu.edu/,0,2
https://www.svb.com,1,1
https://www.svb.com/,0,2
https://www.swagbucks.com,1,1
https://www.swagbucks.com,0,2
https://www.swmich.edu,1,1
https://www.swmich.edu/,0,2
https://www.sydgram.nsw.edu.au,1,1
https://www.sydgram.nsw.edu.au/,0,2
https://www.sydneytheatre.com.au,1,1
https://www.sydneytheatre.com.au/,0,2
https://www.sznews.com,1,1
https://www.sznews.com,0,2
https://www.t-mobile.com,1,1
https://www.t-mobile.com,0,2
https://www.tagesschau.de,1,1
https://www.tagesschau.de,0,2
https://www.tagged.com,1,1
https://www.tagged.com,0,2
https://www.taiwandc.org,1,1
https://www.taiwandc.org/,0,2
https://www.taliesinpreservation.org,1,1
https://www.taliesinpreservation.org/,0,2
https://www.talkinbroadway.com,1,1
https://www.talkinbroadway.com/,0,2
https://www.talkingpointsmemo.com,1,1
https://www.talkingpointsmemo.com/,0,2
https://www.tamiu.edu,1,1
https://www.tamiu.edu/,0,2
https://www.tamu.edu,1,1
https://www.tamu.edu/,0,2
https://www.tamucc.edu,1,1
https://www.tamucc.edu/,0,2
https://www.tamuk.edu,1,1
https://www.tamuk.edu/,0,2
https://www.tandfonline.com,1,1
https://www.tandfonline.com,0,2
https://www.tangmere-museum.org.uk,1,1
https://www.tangmere-museum.org.uk/,0,2
https://www.tappi.org,1,1
https://www.tappi.org/,0,2
http://www.tassnews.net,0,1
http://www.tassnews.net/,1,2
http://tassnews.net/,1,2
https://www.teachingbooks.net,1,1
https://www.teachingbooks.net/,0,2
https://www.tealeaves.com,1,1
https://www.tealeaves.com/,0,2
https://www.teasetc.com,1,1
https://www.teasetc.com/,0,2
https://www.teaspring.com,1,1
https://www.teaspring.com/,0,2
https://www.technipages.com,1,1
https://www.technipages.com/,0,2
https://www.techtarget.com,1,1
https://www.techtarget.com,0,2
https://www.techtarget.com/,0,2
https://www.telegram.org,1,1
https://www.telegram.org,0,2
https://www.telegraph.co.uk,1,1
https://www.telegraph.co.uk,0,2
https://www.telegraph.co.uk/,0,2
https://www.telegraphindia.com,1,1
https://www.telegraphindia.com/,0,2
https://www.telekom.com,1,1
https://www.telekom.com,0,2
https://www.teletoon.com,1,1
https://www.teletoon.com/,0,2
http://templat65sldh.myfreesites.net/,0,1
https://templat65sldh.myfreesites.net/,0,1
http://templat65sldh.myfreesites.net/,1,2
https://www.tempo.co,1,1
https://www.tempo.co,0,2
https://www.tesla.com,1,1
https://www.tesla.com,0,2
https://www.texasagriculture.gov,1,1
https://www.texasagriculture.gov/,0,2
https://www.texastech.edu,1,1
https://www.texastech.edu/,0,2
https://www.tft.ucla.edu,1,1
https://www.tft.ucla.edu/,0,2
https://www.tgms.org,1,1
https://www.tgms.org/,0,2
https://www.thaiairways.com,1,1
https://www.thaiairways.com/,0,2
https://www.the-chiefexecutive.com,1,1
https://www.the-chiefexecutive.com/,0,2
https://www.the3drevolution.com,1,1
https://www.the3drevolution.com/,0,2
https://www.theaa.com,1,1
https://www.theaa.com/,0,2
https://www.thealbanynews.net,1,1
https://www.thealbanynews.net/,0,2
https://www.theatreinchicago.com,1,1
https://www.theatreinchicago.com/,0,2
https://www.thecatholicthing.org,1,1
https://www.thecatholicthing.org/,0,2
https://www.thedailytimes.com,1,1
https://www.thedailytimes.com/,0,2
https://www.thedarkknightrises.com,1,1
https://www.thedarkknightrises.com/,0,2
https://www.thedowneypatriot.com,1,1
https://www.thedowneypatriot.com/,0,2
https://www.thefreedictionary.com,1,1
https://www.thefreedictionary.com,0,2
http://www.theguardiannews.org,0,1
http://theguardiannews.org/,1,2
https://www.thehindu.com,1,1
https://www.thehindu.com,0,2
https://www.thehindu.com/,0,2
https://www.theicc.co.uk,1,1
https://www.theicc.co.uk/,0,2
https://www.themonastery.org,1,1
https://www.themonastery.org/,0,2
https://www.themorgan.org,1,1
https://www.themorgan.org/,0,2
https://www.theringer.com,1,1
https://www.theringer.com,0,2
https://www.theritzlondon.com,1,1
https://www.theritzlondon.com/,0,2
https://www.theskykid.com,1,1
https://www.theskykid.com/,0,2
https://www.thespruce.com,1,1
https://www.thespruce.com,0,2
https://www.thestage.co.uk,1,1
https://www.thestage.co.uk/,0,2
https://www.thestatesman.com,1,1
https://www.thestatesman.com/,0,2
https://www.theteaspot.com,1,1
https://theteaspot.com/,0,2
https://www.thirdwavefoundation.org,1,1
https://www.thirdwavefoundation.org/,0,2
https://www.thisisamericansoccer.com,1,1
https://www.thisisamericansoccer.com/,0,2
https://www.thisistheplace.org,1,1
https://www.thisistheplace.org/,0,2
https://www.thomascook.com,1,1
https://www.thomascook.com/,0,2
https://www.thoughtco.com,1,1
https://www.thoughtco.com,0,2
https://www.three.co.uk,1,1
https://www.three.co.uk/,0,2
https://www.threestooges.com,1,1
https://www.threestooges.com/,0,2
http://www.thrusterrecord.bplaced.net,0,1
http://thrusterrecord.bplaced.net/,1,2
https://www.thunderbolttea.com,1,1
https://www.thunderbolttea.com/,0,2
https://www.ti.com,1,1
https://www.ti.com/,0,2
https://www.tiffany.com,1,1
https://www.tiffany.com/,0,2
https://www.tim.it,1,1
https://www.tim.it,0,2
https://www.time.gov,1,1
https://www.time.gov/,0,2
https://www.timessquare.com,1,1
https://www.timessquare.com/,0,2
https://www.timesunion.com,1,1
https://www.timesunion.com/,0,2
https://www.tnstate.edu,1,1
https://www.tnstate.edu/,0,2
https://www.tnstatebank.com,1,1
https://www.tnstatebank.com/,0,2
https://www.togetter.com,1,1
https://www.togetter.com,0,2
https://www.tokyo.com,1,1
https://www.tokyo.com/,0,2
https://www.tommyhumphreys.com/,0,2
http://tommyhumphreys.com/,1,2
https://www.tonyskansascity.com,1,1
https://www.tonyskansascity.com/,0,2
http://www.topsec2014.com,0,1
http://topsec2014.com/,1,2
http://www.topsec2014.com/,1,2
https://www.toronto.ca,1,1
https://www.toronto.ca/,0,2
https://www.torontofc.ca,1,1
https://www.torontofc.ca/,0,2
https://www.toytowngermany.com,1,1
https://www.toytowngermany.com/,0,2
https://www.tracemyip.org,1,1
http://www.tracemyip.org,0,1
https://www.tradedoubler.com,1,1
https://www.tradedoubler.com,0,2
https://www.traillink.com,1,1
https://www.traillink.com/,0,2
https://www.transalt.org,1,1
https://www.transalt.org/,0,2
https://www.travel-bulgaria.com,1,1
https://www.travel-bulgaria.com/,0,2
https://www.treasurer.ca.gov,1,1
https://www.treasurer.ca.gov/,0,2
https://www.triathlonireland.com,1,1
https://www.triathlonireland.com/,0,2
http://www.tribalpages.com,0,1
https://www.tribalpages.com,1,1
https://www.tribuneindia.com,1,1
https://www.tribuneindia.com/,0,2
https://www.trustedreviews.com,1,1
https://www.trustedreviews.com,0,2
https://www.tseries.com,1,1
https://www.tseries.com/,0,2
https://www.tsn.ca,1,1
https://www.tsn.ca/,0,2
https://www.tuko.co.ke,1,1
https://www.tuko.co.ke,0,2
https://www.turkeyhillexperience.com,1,1
https://www.turkeyhillexperience.com/,0,2
https://www.turkiye.gov.tr,1,1
https://www.turkiye.gov.tr,0,2
https://www.turnitin.com,1,1
https://www.turnitin.com,0,2
https://www.tvbs.com.tw,1,1
https://www.tvbs.com.tw,0,2
https://www.tvusd.k12.ca.us,1,1
https://www.tvusd.k12.ca.us/,0,2
http://www.twink-img.cf,0,1
http://twink-img.cf/,1,2
https://www.txdot.gov,1,1
https://www.txdot.gov/,0,2
http://www.u99692u5.bget.ru,0,1
http://u99692u5.bget.ru/,1,2
https://www.uamont.edu,1,1
https://www.uamont.edu/,0,2
https://www.uaudio.com,1,1
https://www.uaudio.com/,0,2
https://www.ubc.ca,1,1
https://www.ubc.ca,0,2
https://www.ubu.com,1,1
https://www.ubu.com/,0,2
https://www.uci.edu,1,1
https://www.uci.edu/,0,2
https://www.ucla.edu,1,1
https://www.ucla.edu,0,2
https://www.ucla.edu/,0,2
https://www.ucoz.com,1,1
http://www.ucoz.com,0,1
https://www.ucoz.ru,1,1
https://www.ucoz.ru,0,2
https://www.ucsc.edu,1,1
https://www.ucsc.edu/,0,2
https://www.ucsd.edu,1,1
https://www.ucsd.edu,0,2
https://www.ucsd.edu/,0,2
https://www.uky.edu,1,1
https://www.uky.edu/,0,2
https://www.ulm.edu,1,1
https://www.ulm.edu/,0,2
https://www.umkc.edu,1,1
https://www.umkc.edu/,0,2
https://www.uml.edu,1,1
https://www.uml.edu/,0,2
http://unam.myfreesites.net/,0,1
http://unam.myfreesites.net/,1,2
https://www.unchealthcare.org,1,1
https://www.unchealthcare.org/,0,2
https://www.uniben.edu,1,1
https://www.uniben.edu/,0,2
https://www.universalfurniture.com,1,1
https://www.universalfurniture.com/,0,2
https://www.universalmusic.com,1,1
https://www.universalmusic.com/,0,2
https://www.universalpictures.co.uk,1,1
https://www.universalpictures.co.uk/,0,2
https://www.universalpictures.com,1,1
https://www.universalpictures.com/,0,2
https://www.universalpictures.com.au,1,1
https://www.universalpictures.com.au/,0,2
https://www.universalstudios.com,1,1
https://www.universalstudios.com/,0,2
https://www.universityofcalifornia.edu,1,1
https://www.universityofcalifornia.edu/,0,2
https://www.unl.edu,1,1
https://www.unl.edu/,0,2
https://www.unofficialroyalty.com,1,1
https://www.unofficialroyalty.com/,0,2
https://www.unpri.org,1,1
https://www.unpri.org/,0,2
https://www.unt.edu,1,1
https://www.unt.edu/,0,2
http://www.updatebase.bid,0,1
http://updatebase.bid,1,2
https://www.uptodown.com,1,1
https://www.uptodown.com,0,2
https://www.urdupoint.com,1,1
https://www.urdupoint.com,0,2
https://www.usa.gov,1,1
https://www.usa.gov/,0,2
https://www.usaid.gov,1,1
https://www.usaid.gov/,0,2
https://www.usarj.army.mil,1,1
https://www.usarj.army.mil/,0,2
https://www.usarmyband.com,1,1
https://www.usarmyband.com/,0,2
https://www.uscis.gov,1,1
https://www.uscis.gov,0,2
https://www.usda.gov,1,1
https://www.usda.gov/,0,2
https://www.usembassy.gov,1,1
https://www.usembassy.gov/,0,2
https://www.usfca.edu,1,1
https://www.usfca.edu/,0,2
https://www.usgbc.org,1,1
https://www.usgbc.org/,0,2
https://www.ushmm.org,1,1
https://www.ushmm.org/,0,2
https://www.usimmigrationsupport.org,1,1
https://www.usimmigrationsupport.org/,0,2
https://www.usingenglish.com,1,1
https://www.usingenglish.com/,0,2
https://www.usm.edu,1,1
https://www.usm.edu/,0,2
https://www.usmint.gov,1,1
https://www.usmint.gov/,0,2
https://www.usnpl.com,1,1
https://www.usnpl.com/,0,2
https://www.usphs.gov,1,1
https://www.usphs.gov/,0,2
https://www.ussalabama.com,1,1
https://www.ussalabama.com/,0,2
https://www.ussc.gov,1,1
https://www.ussc.gov/,0,2
https://www.ustaxcourt.gov,1,1
https://www.ustaxcourt.gov/,0,2
https://www.utah.com,1,1
https://www.utah.com/,0,2
https://www.utah.edu,1,1
https://www.utah.edu/,0,2
https://www.utcourts.gov,1,1
https://www.utcourts.gov/,0,2
https://www.utd.uscourts.gov,1,1
https://www.utd.uscourts.gov/,0,2
https://www.utm.edu,1,1
https://www.utm.edu/,0,2
https://www.utoronto.ca,1,1
https://www.utoronto.ca,0,2
https://www.uvu.edu,1,1
https://www.uvu.edu/,0,2
https://www.uzone.id,1,1
https://www.uzone.id,0,2
https://www.v2ex.com,1,1
https://www.v2ex.com,0,2
https://www.vancouver.wsu.edu,1,1
https://www.vancouver.wsu.edu/,0,2
https://www.vanityfairmovie.com,1,1
https://www.vanityfairmovie.com/,0,2
https://www.varzesh3.com,1,1
https://www.varzesh3.com,0,2
https://www.vauxhall.co.uk,1,1
https://www.vauxhall.co.uk/,0,2
http://www.vdocv.zzz.com.ua,0,1
http://vdocv.zzz.com.ua/,1,2
https://www.verizon.com,1,1
https://www.verizon.com,0,2
https://www.vesti.ru,1,1
https://www.vesti.ru,0,2
https://www.vet.upenn.edu,1,1
https://www.vet.upenn.edu/,0,2
https://www.vetmed.iastate.edu,1,1
https://www.vetmed.iastate.edu/,0,2
https://www.vetogate.com,1,1
https://www.vetogate.com,0,2
https://www.vfw.org,1,1
https://www.vfw.org/,0,2
https://www.vg.no,1,1
https://www.vg.no,0,2
https://www.vhnd.com,1,1
https://www.vhnd.com/,0,2
https://www.viagogo.com,1,1
https://www.viagogo.com/,0,2
https://www.vianegativa.us,1,1
https://www.vianegativa.us/,0,2
https://www.videocardbenchmark.net,1,1
https://www.videocardbenchmark.net/,0,2
http://www.videoflyover.com,0,1
http://videoflyover.com,1,2
https://www.videogamesnewyork.com,1,1
https://www.videogamesnewyork.com/,0,2
https://www.videolan.org,1,1
https://www.videolan.org,0,2
https://www.villageofmatteson.org,1,1
https://www.villageofmatteson.org/,0,2
https://www.vincennes.org,1,1
https://www.vincennes.org/,0,2
https://www.vinu.edu,1,1
https://www.vinu.edu/,0,2
https://www.vinylsolution.com,1,1
https://www.vinylsolution.com/,0,2
http://www.vipreclod.com,0,1
http://vipreclod.com/,1,2
https://www.viptickets.com,1,1
https://www.viptickets.com/,0,2
http://www.virontonic.com,0,1
http://virontonic.com,1,2
https://www.virtualsheetmusic.com,1,1
https://www.virtualsheetmusic.com/,0,2
https://www.virtualworldlets.net,1,1
https://www.virtualworldlets.net/,0,2
https://www.visitbatonrouge.com,1,1
https://www.visitbatonrouge.com/,0,2
https://www.visitcardiff.com,1,1
https://www.visitcardiff.com/,0,2
https://www.visitdallas.com,1,1
https://www.visitdallas.com/,0,2
https://www.visitfortwayne.com,1,1
https://www.visitfortwayne.com/,0,2
https://www.visittampabay.com,1,1
https://www.visittampabay.com/,0,2
https://www.viva.co.id,1,1
https://www.viva.co.id,0,2
https://www.vmware.com,1,1
https://www.vmware.com,0,2
https://www.vodafone.de,1,1
https://www.vodafone.de,0,2
http://www.voennovosti.com,0,1
http://www.voennovosti.com/,1,2
http://voennovosti.com/,1,2
https://www.volunteermatch.org,1,1
https://www.volunteermatch.org/,0,2
https://www.vox.com,1,1
https://www.vox.com,0,2
http://www.vpncompare.co.uk,0,1
https://www.vpncompare.co.uk,1,1
https://www.vprecords.com,1,1
https://www.vprecords.com/,0,2
https://www.vpreggae.com,1,1
https://www.vpreggae.com/,0,2
http://vtxmail2018.myfreesites.net/,0,1
http://vtxmail2018.myfreesites.net/,1,2
http://vxdse.myfreesites.net/,0,1
http://vxdse.myfreesites.net/,1,2
http://www.w3.org,0,1
https://www.w3.org,1,1
https://www.w3schools.com,1,1
https://www.w3schools.com,0,2
https://www.waaamuseum.org,1,1
https://www.waaamuseum.org/,0,2
https://www.wakefieldschool.org,1,1
https://www.wakefieldschool.org/,0,2
https://www.waltersgardens.com,1,1
https://www.waltersgardens.com/,0,2
https://wana78420.myfreesites.net/,0,1
https://wana78420.myfreesites.net/,1,2
http://wana78420.myfreesites.net/,1,2
https://www.warbirds-eaa.org,1,1
https://www.warbirds-eaa.org/,0,2
https://www.warcraftlogs.com,1,1
https://www.warcraftlogs.com,0,2
https://www.warnerbros.it,1,1
https://www.warnerbros.it/,0,2
https://www.warplane.com,1,1
https://www.warplane.com/,0,2
https://www.warsawuprising.com,1,1
https://www.warsawuprising.com/,0,2
https://www.watercorporation.com.au,1,1
https://www.watercorporation.com.au/,0,2
https://www.waterfrontrecords.com,1,1
https://www.waterfrontrecords.com/,0,2
https://www.watergate.com,1,1
https://www.watergate.com/,0,2
https://www.wbal.com,1,1
https://www.wbal.com/,0,2
https://www.wbklaw.com,1,1
https://www.wbklaw.com/,0,2
https://www.wdwinfo.com,1,1
https://www.wdwinfo.com/,0,2
https://www.weather.gov,1,1
https://www.weather.gov,0,2
https://www.weather.gov/,0,2
https://www.webex.com,1,1
https://www.webex.com,0,2
http://www.webordermanager.com,0,1
http://webordermanager.com,1,2
http://www.webwire.com,0,1
https://www.webwire.com,1,1
https://www.wellsfargo.com,1,1
https://www.wellsfargo.com,0,2
https://www.wellsfargo.com/,0,2
https://www.wenxuecity.com,1,1
https://www.wenxuecity.com,0,2
https://www.wesleyan.edu,1,1
https://www.wesleyan.edu/,0,2
https://www.west.com,1,1
https://www.west.com/,0,2
https://www.westconsincu.org,1,1
https://www.westconsincu.org/,0,2
https://www.westernairbahamas.com,1,1
https://www.westernairbahamas.com/,0,2
https://www.westernjournal.com,1,1
https://www.westernjournal.com,0,2
https://www.westhawaiitoday.com,1,1
https://www.westhawaiitoday.com/,0,2
https://www.westkentuckystar.com,1,1
https://www.westkentuckystar.com/,0,2
https://www.westmont.edu,1,1
https://www.westmont.edu/,0,2
https://www.wetter.com,1,1
https://www.wetter.com,0,2
https://www.wfit.org,1,1
https://www.wfit.org/,0,2
https://www.wfsd.k12.ny.us,1,1
https://www.wfsd.k12.ny.us/,0,2
http://www.whatismybrowser.com,0,1
https://www.whatismybrowser.com,1,1
https://www.whatismypublicip.com,1,1
http://www.whatismypublicip.com,0,1
https://www.whattomine.com,1,1
http://www.whattomine.com,0,1
https://www.whattomine.com,0,2
https://www.whispersinthecorridors.com,1,1
https://www.whispersinthecorridors.com/,0,2
https://www.whitehouse.gov,1,1
https://www.whitehouse.gov/,0,2
https://www.who.int,1,1
https://www.who.int,0,2
https://www.wildberries.ru,1,1
https://www.wildberries.ru,0,2
https://www.willisallen.com,1,1
https://www.willisallen.com/,0,2
https://www.wilsoncountynews.com,1,1
https://www.wilsoncountynews.com/,0,2
https://www.winamp.com,1,1
https://www.winamp.com/,0,2
http://www.winconnectors.com,0,1
http://winconnectors.com/,1,2
https://www.windfallfilms.com,1,1
https://www.windfallfilms.com/,0,2
http://www.windowsconnector.com,0,1
http://windowsconnector.com/,1,2
https://www.windsorfire.com,1,1
https://www.windsorfire.com/,0,2
http://www.winsyscheck.com,0,1
http://winsyscheck.com/,1,2
https://www.wku.edu,1,1
https://www.wku.edu/,0,2
https://www.wkyc.com,1,1
https://www.wkyc.com/,0,2
https://www.wlac.edu,1,1
https://www.wlac.edu/,0,2
https://www.wlf.louisiana.gov,1,1
https://www.wlf.louisiana.gov/,0,2
https://www.wlv.ac.uk,1,1
https://www.wlv.ac.uk/,0,2
https://www.wmata.com,1,1
https://www.wmata.com/,0,2
https://www.wmg.com,1,1
https://www.wmg.com/,0,2
https://www.wmgs.org,1,1
https://www.wmgs.org/,0,2
https://www.wnep.com,1,1
https://www.wnep.com/,0,2
https://www.wnewsj.com,1,1
https://www.wnewsj.com/,0,2
https://www.wolftrap.org,1,1
https://www.wolftrap.org/,0,2
https://www.wolverhampton.gov.uk,1,1
https://www.wolverhampton.gov.uk/,0,2
https://www.womenforwomen.org,1,1
https://www.womenforwomen.org/,0,2
https://www.womensaid.org.uk,1,1
https://www.womensaid.org.uk/,0,2
https://www.wondershare.com,1,1
https://www.wondershare.com,0,2
https://www.woot.com,1,1
https://www.woot.com,0,2
https://www.wordreference.com,1,1
https://www.wordreference.com,0,2
https://www.wordreference.com/,0,2
https://www.worldairlineawards.com,1,1
https://www.worldairlineawards.com/,0,2
https://www.worldbookday.com,1,1
https://www.worldbookday.com/,0,2
http://www.worldpostjournal.com,0,1
http://worldpostjournal.com/,1,2
https://www.wowkeren.com,1,1
https://www.wowkeren.com,0,2
https://www.wrestlezone.com,1,1
https://www.wrestlezone.com/,0,2
https://www.writing.com,1,1
https://www.writing.com/,0,2
https://www.wsgc.wa.gov,1,1
https://www.wsgc.wa.gov/,0,2
http://www.wsjworld.com,0,1
http://wsjworld.com/,1,2
https://www.wsp.wa.gov,1,1
https://www.wsp.wa.gov/,0,2
https://www.wta.org,1,1
https://www.wta.org/,0,2
https://www.wzzm13.com,1,1
https://www.wzzm13.com/,0,2
https://www.xavierprep.org,1,1
https://www.xavierprep.org/,0,2
https://www.xero.com,1,1
https://www.xero.com,0,2
https://www.xmasdirect.co.uk,1,1
https://www.xmasdirect.co.uk/,0,2
https://www.y8.com,1,1
https://www.y8.com,0,2
https://www.ycp.edu,1,1
https://www.ycp.edu/,0,2
https://www.ynwa.tv,1,1
https://www.ynwa.tv/,0,2
http://www.yola.com,0,1
https://www.yola.com,1,1
https://www.yomiuri.co.jp,1,1
https://www.yomiuri.co.jp,0,2
https://www.yoox.com,1,1
https://www.yoox.com,0,2
http://www.yougetsignal.com,0,1
https://www.yougetsignal.com,1,1
https://www.youm7.com,1,1
https://www.youm7.com,0,2
https://www.youngminds.org.uk,1,1
https://www.youngminds.org.uk/,0,2
https://www.yourdailyglobe.com,1,1
https://www.yourdailyglobe.com/,0,2
https://www.yourdictionary.com,1,1
https://www.yourdictionary.com,0,2
http://www.yovtube.co,0,1
http://yovtube.co/,1,2
https://www.zaful.com,1,1
https://www.zaful.com,0,2
https://www.zdf.de,1,1
https://www.zdf.de,0,2
https://www.zeitgeistfilms.com,1,1
https://www.zeitgeistfilms.com/,0,2
https://www.zhanqi.tv,1,1
https://www.zhanqi.tv,0,2
https://www.zipcodestogo.com,1,1
https://www.zipcodestogo.com/,0,2
https://www.zippyshare.com,1,1
https://www.zippyshare.com,0,2
https://www.ziprecruiter.com,1,1
https://www.ziprecruiter.com,0,2
https://www.zonarosa.com,1,1
https://www.zonarosa.com/,0,2
https://www.zoom.us,1,1
https://www.zoom.us,0,2
https://www.zougla.gr,1,1
https://www.zougla.gr,0,2
